1709251200000,8,0.00022580
1709280000000,8,0.00056193
1709308800000,8,0.00029595
1709337600000,8,0.00045091
1709366400001,8,0.00060239
1709395200000,8,0.00060028
1709424000000,8,0.00062465
1709452800000,8,0.00056194
1709481600000,8,0.00059759
1709510400000,8,0.00052271
1709539200000,8,0.00066328
1709568000000,8,0.00048318
1709596800000,8,0.00045848
1709625600000,8,0.00100171
1709654400000,8,0.00068298
1709683200000,8,0E-8
1709712000001,8,0.00021672
1709740800000,8,0.00003112
1709769600000,8,0E-8
1709798400000,8,0.00017842
1709827200000,8,0.00001547
1709856000000,8,0E-8
1709884800000,8,0E-8
1709913600000,8,-0.00001113
1709942400000,8,-0.00012383
1709971200001,8,-0.00019497
1710000000000,8,-0.00023847
1710028800000,8,-0.00006201
1710057600000,8,0E-8
1710086400000,8,0.00036256
1710115200000,8,0E-8
1710144000000,8,0.00002344
1710172800000,8,0.00007373
1710201600000,8,0.00019661
1710230400000,8,0.00055550
1710259200000,8,0.00006989
1710288000000,8,0.00034905
1710316800001,8,0.00064319
1710345600000,8,0.00067750
1710374400001,8,0.00035646
1710403200000,8,0.00044008
1710432000000,8,0.00060290
1710460800000,8,0.00011662
1710489600000,8,0.00012984
1710518400000,8,0E-8
1710547200000,8,0.00013785
1710576000000,8,0.00024537
1710604800000,8,0.00016812
1710633600000,8,0.00009557
1710662400000,8,0E-8
1710691200000,8,0E-8
1710720000000,8,0E-8
1710748800000,8,0.00015708
1710777600001,8,0E-8
1710806400000,8,0.00010433
1710835200000,8,0.00019074
1710864000001,8,0.00023778
1710892800000,8,0.00021487
1710921600004,8,0.00022256
1710950400000,8,0.00009585
1710979200000,8,0.00002546
1711008000000,8,0.00013122
1711036800000,8,0E-8
1711065600000,8,0.00017388
1711094400000,8,0.00006837
1711123200000,8,0.00014159
1711152000000,8,0.00014453
1711180800000,8,0.00016838
1711209600000,8,0E-8
1711238400000,8,0E-8
1711267200000,8,0.00021139
1711296000000,8,0.00020733
1711324800000,8,0.00021885
1711353600001,8,0.00024982
1711382400000,8,0.00025865
1711411200000,8,0.00029097
1711440000000,8,0.00037308
1711468800000,8,0.00039806
1711497600000,8,0.00031573
1711526400001,8,0.00036491
1711555200000,8,0.00033014
1711584000000,8,0.00042862
1711612800000,8,0.00051984
1711641600000,8,0.00039289
1711670400000,8,0.00036592
1711699200000,8,0.00041300
1711728000000,8,0.00025390
1711756800000,8,0E-8
1711785600000,8,-0.00007709
1711814400000,8,-0.00037404
1711843200000,8,-0.00005921
1711872000000,8,-0.00039080
1711900800001,8,0E-8
1711929600000,8,0E-8
1711958400000,8,0E-8
1711987200000,8,-0.00013645
1712016000007,8,0E-8
1712044800015,8,0.00025814
1712073600000,8,0.00030588
1712102400000,8,0.00025462
1712131200000,8,0.00012544
1712160000000,8,0.00020227
1712188800000,8,0.00020277
1712217600000,8,0E-8
1712246400000,8,0E-8
1712275200000,8,-0.00042037
1712304000000,8,-0.00021433
1712332800000,8,-0.00038341
1712361600000,8,-0.00062922
1712390400000,8,-0.00027748
1712419200000,8,-0.00025256
1712448000000,8,-0.00033926
1712476800000,8,-0.00059616
1712505600000,8,-0.00049569
1712534400001,8,-0.00019057
1712563200000,8,-0.00038431
1712592000006,8,0E-8
1712620800000,8,0.00015382
1712649600001,8,0.00016132
1712678400001,8,0E-8
1712707200000,8,0.00024813
1712736000001,8,0.00019449
1712764800000,8,0.00017250
1712793600000,8,0.00037974
1712822400000,8,0.00008875
1712851200000,8,0.00020610
1712880000000,8,0.00021027
1712908800001,8,0.00000166
1712937600000,8,-0.00022562
1712966400000,8,-0.00042828
1712995200000,8,-0.00086248
1713024000001,8,-0.00056549
1713052800000,8,-0.00088593
1713081600000,8,-0.00045375
1713110400000,8,-0.00042313
1713139200000,8,-0.00044113
1713168000001,8,-0.00040679
1713196800000,8,-0.00046815
1713225600001,8,-0.00094910
1713254400000,8,-0.00077750
1713283200000,8,-0.00056700
1713312000000,8,-0.00023045
1713340800000,8,0E-8
1713369600000,8,0E-8
1713398400000,8,0E-8
1713427200000,8,0E-8
1713456000000,8,-0.00034552
1713484800001,8,0E-8
1713513600000,8,-0.00017776
1713542400000,8,0E-8
1713571200000,8,0E-8
1713600000000,8,0E-8
1713628800000,8,0E-8
1713657600000,8,-0.00000772
1713686400000,8,-0.00005246
1713715200000,8,-0.00010000
1713744000000,8,0E-8
1713772800000,8,0E-8
1713801600000,8,0E-8
1713830400000,8,0E-8
1713859200000,8,0E-8
1713888000001,8,-0.00026818
1713916800000,8,-0.00033543
1713945600000,8,-0.00041956
1713974400000,8,-0.00040741
1714003200000,8,-0.00001528
1714032000000,8,-0.00011575
1714060800010,8,-0.00050741
1714089600001,8,-0.00057117
1714118400000,8,-0.00065053
1714147200000,8,-0.00047890
1714176000000,8,-0.00045974
1714204800001,8,-0.00063467
1714233600000,8,-0.00021197
1714262400000,8,-0.00061995
1714291200000,8,-0.00078809
1714320000000,8,-0.00079187
1714348800000,8,-0.00084938
1714377600000,8,-0.00087166
1714406400000,8,-0.00065653
1714435200000,8,-0.00042184
1714464000000,8,-0.00015559
1714492800000,8,-0.00070745
1714521600000,8,-0.00022922
1714550400000,8,-0.00017534
1714579200000,8,-0.00017136
1714608000000,8,-0.00025289
1714636800000,8,-0.00001565
1714665600002,8,-0.00025260
1714694400000,8,-0.00012686
1714723200000,8,-0.00001017
1714752000000,8,-0.00032785
1714780800000,8,-0.00011400
1714809600000,8,-0.00015609
1714838400000,8,-0.00026850
1714867200000,8,-0.00071748
1714896000000,8,-0.00031949
1714924800000,8,-0.00040050
1714953600000,8,-0.00008052
1714982400000,8,-0.00009370
1715011200000,8,-0.00026489
1715040000000,8,0E-8
1715068800000,8,-0.00008607
1715097600000,8,0E-8
1715126400000,8,0E-8
1715155200000,8,0E-8
1715184000000,8,0E-8
1715212800000,8,0E-8
1715241600000,8,0E-8
1715270400000,8,0E-8
1715299200000,8,-0.00001814
1715328000000,8,-0.00013856
1715356800000,8,-0.00023606
1715385600000,8,-0.00007794
1715414400000,8,0E-8
1715443200000,8,0E-8
1715472000000,8,0E-8
1715500800000,8,0E-8
1715529600000,8,-0.00002601
1715558400001,8,-0.00017911
1715587200001,8,-0.00008470
1715616000000,8,-0.00033836
1715644800000,8,-0.00001301
1715673600000,8,-0.00036204
1715702400000,8,-0.00129616
1715731200000,8,-0.00101022
1715760000000,8,-0.00069557
1715788800000,8,-0.00114578
1715817600004,8,-0.00065658
1715846400000,8,0E-8
1715875200000,8,-0.00017077
1715904000000,8,-0.00053276
1715932800000,8,-0.00017804
1715961600000,8,0E-8
1715990400000,8,0E-8
1716019200000,8,0E-8
1716048000000,8,0E-8
1716076800000,8,0E-8
1716105600000,8,0E-8
1716134400000,8,0E-8
1716163200000,8,0E-8
1716192000000,8,-0.00006392
1716220800003,8,-0.00008546
1716249600000,8,0E-8
1716278400001,8,0.00019002
1716307200000,8,0.00009749
1716336000000,8,0.00016951
1716364800000,8,0.00015829
1716393600000,8,0.00015460
1716422400000,8,0.00010082
1716451200000,8,0.00014596
1716480000000,8,0E-8
1716508800000,8,0E-8
1716537600000,8,0.00000449
1716566400000,8,0E-8
1716595200000,8,0E-8
1716624000000,8,0E-8
1716652800000,8,0E-8
1716681600000,8,0E-8
1716710400000,8,0.00008753
1716739200000,8,0E-8
1716768000000,8,0.00007614
1716796800000,8,0.00010940
1716825600000,8,0.00019809
1716854400000,8,0.00017805
1716883200000,8,0E-8
1716912000000,8,0E-8
1716940800001,8,0.00007405
1716969600000,8,0.00005977
1716998400000,8,0.00008769
1717027200000,8,0E-8
1717056000000,8,0E-8
1717084800000,8,0E-8
1717113600000,8,0.00002222
1717142400000,8,0E-8
1717171200000,8,0.00007882
1717200000000,8,0.00019589
1717228800000,8,0.00023411
1717257600001,8,0.00013223
1717286400000,8,0.00036939
1717315200000,8,0.00022554
1717344000000,8,0.00011225
1717372800000,8,0.00020040
1717401600000,8,0.00028495
1717430400000,8,0.00013785
1717459200000,8,0.00012196
1717488000000,8,0.00013176
1717516800000,8,0.00019423
1717545600000,8,0.00015839
1717574400000,8,0.00016022
1717603200000,8,0.00020097
1717632000000,8,0.00020144
1717660800008,8,0.00017035
1717689600000,8,0.00008066
1717718400000,8,0.00004266
1717747200000,8,0E-8
1717776000000,8,0E-8
1717804800000,8,0E-8
1717833600000,8,0E-8
1717862400000,8,0E-8
1717891200000,8,0E-8
1717920000000,8,0E-8
1717948800001,8,0E-8
1717977600000,8,0E-8
1718006400000,8,0E-8
1718035200001,8,0E-8
1718064000001,8,0E-8
1718092800000,8,0E-8
1718121600000,8,0E-8
1718150400000,8,0E-8
1718179200000,8,0E-8
1718208000000,8,-0.00000899
1718236800000,8,0E-8
1718265600001,8,0E-8
1718294400000,8,0E-8
1718323200000,8,0E-8
1718352000000,8,0E-8
1718380800000,8,0E-8
1718409600000,8,0E-8
1718438400000,8,0E-8
1718467200000,8,0E-8
1718496000001,8,0E-8
1718524800000,8,0E-8
1718553600000,8,0E-8
1718582400000,8,0E-8
1718611200000,8,0E-8
1718640000000,8,0E-8
1718668800000,8,0E-8
1718697600000,8,0E-8
1718726400000,8,0E-8
1718755200001,8,0E-8
1718784000001,8,0E-8
1718812800000,8,0E-8
1718841600000,8,0E-8
1718870400000,8,0E-8
1718899200000,8,0E-8
1718928000000,8,0E-8
1718956800000,8,0E-8
1718985600000,8,0E-8
1719014400000,8,0E-8
1719043200000,8,0E-8
1719072000000,8,0E-8
1719100800000,8,0E-8
1719129600000,8,0E-8
1719158400000,8,0E-8
1719187200002,8,0E-8
1719216000000,8,0E-8
1719244800000,8,0E-8
1719273600000,8,0E-8
1719302400000,8,0E-8
1719331200000,8,0E-8
1719360000002,8,0E-8
1719388800000,8,0E-8
1719417600000,8,0E-8
1719446400000,8,0E-8
1719475200001,8,0E-8
1719504000000,8,0E-8
1719532800000,8,0E-8
1719561600000,8,0E-8
1719590400000,8,0E-8
1719619200001,8,0E-8
1719648000000,8,0E-8
1719676800000,8,0E-8
1719705600000,8,0E-8
1719734400000,8,0E-8
1719763200000,8,0E-8
1719792000000,8,0E-8
1719820800000,8,0.00001551
1719849600001,8,0E-8
1719878400000,8,0E-8
1719907200000,8,0.00003136
1719936000000,8,0.00000397
1719964800000,8,0.00012485
1719993600001,8,0.00001476
1720022400000,8,0E-8
1720051200000,8,0E-8
1720080000000,8,0E-8
1720108800000,8,0E-8
1720137600000,8,0E-8
1720166400000,8,0E-8
1720195200000,8,0E-8
1720224000000,8,0E-8
1720252800000,8,0E-8
1720281600000,8,0E-8
1720310400001,8,0E-8
1720339200000,8,0E-8
1720368000000,8,0E-8
1720396800000,8,0E-8
1720425600000,8,0E-8
1720454400000,8,0E-8
1720483200000,8,0E-8
1720512000001,8,0E-8
1720540800000,8,0E-8
1720569600000,8,0E-8
1720598400000,8,0E-8
1720627200000,8,0E-8
1720656000002,8,0E-8
1720684800002,8,0E-8
1720713600004,8,0E-8
1720742400000,8,0E-8
1720771200000,8,0E-8
1720800000000,8,0E-8
1720828800000,8,0E-8
1720857600000,8,0E-8
1720886400000,8,0E-8
1720915200000,8,0E-8
1720944000000,8,0E-8
1720972800000,8,0E-8
1721001600000,8,0E-8
1721030400000,8,0E-8
1721059200000,8,0E-8
1721088000000,8,0E-8
1721116800000,8,0E-8
1721145600000,8,0E-8
1721174400000,8,0E-8
1721203200001,8,0E-8
1721232000000,8,0E-8
1721260800000,8,0E-8
1721289600000,8,0E-8
1721318400000,8,0E-8
1721347200000,8,0E-8
1721376000000,8,0E-8
1721404800000,8,0E-8
1721433600001,8,0E-8
1721462400000,8,0E-8
1721491200000,8,0E-8
1721520000000,8,0E-8
1721548800000,8,0E-8
1721577600000,8,0E-8
1721606400000,8,0E-8
1721635200000,8,0E-8
1721664000000,8,0E-8
1721692800000,8,0E-8
1721721600000,8,0E-8
1721750400000,8,0E-8
1721779200000,8,0E-8
1721808000000,8,0E-8
1721836800000,8,0E-8
1721865600000,8,0E-8
1721894400000,8,0E-8
1721923200000,8,0E-8
1721952000000,8,0E-8
1721980800000,8,0E-8
1722009600000,8,0E-8
1722038400000,8,0E-8
1722067200000,8,0E-8
1722096000000,8,0E-8
1722124800000,8,0E-8
1722153600000,8,0E-8
1722182400001,8,0E-8
1722211200001,8,0E-8
1722240000000,8,0.00001232
1722268800001,8,0.00005116
1722297600000,8,0E-8
1722326400001,8,0E-8
1722355200000,8,0E-8
1722384000000,8,0E-8
1722412800000,8,0.00002973
1722441600000,8,0.00000657
1722470400000,8,2.4E-7
1722499200000,8,0E-8
1722528000000,8,0.00001797
1722556800000,8,0E-8
1722585600001,8,0.00001397
1722614400000,8,0E-8
1722643200000,8,0E-8
1722672000000,8,0E-8
1722700800001,8,0E-8
1722729600000,8,0E-8
1722758400000,8,0E-8
1722787200000,8,0E-8
1722816000000,8,0E-8
1722844800000,8,0E-8
1722873600000,8,0E-8
1722902400000,8,0E-8
1722931200000,8,-0.00010267
1722960000000,8,0E-8
1722988800000,8,0E-8
1723017600001,8,0E-8
1723046400000,8,0E-8
1723075200001,8,0E-8
1723104000000,8,0E-8
1723132800000,8,0E-8
1723161600000,8,0E-8
1723190400000,8,0E-8
1723219200000,8,0E-8
1723248000000,8,0E-8
1723276800000,8,0E-8
1723305600000,8,0E-8
1723334400000,8,0E-8
1723363200000,8,0E-8
1723392000001,8,0E-8
1723420800000,8,0E-8
1723449600000,8,0E-8
1723478400000,8,0E-8
1723507200000,8,0E-8
1723536000000,8,0E-8
1723564800000,8,0E-8
1723593600000,8,0E-8
1723622400000,8,0E-8
1723651200000,8,0E-8
1723680000000,8,0E-8
1723708800000,8,0E-8
1723737600000,8,0E-8
1723766400000,8,0E-8
1723795200000,8,0E-8
1723824000000,8,-0.00006462
1723852800000,8,-0.00001124
1723881600000,8,0E-8
1723910400000,8,0E-8
1723939200000,8,0E-8
1723968000000,8,0E-8
1723996800000,8,0E-8
1724025600000,8,0E-8
1724054400000,8,0E-8
1724083200002,8,0E-8
1724112000000,8,0E-8
1724140800000,8,0E-8
1724169600001,8,0E-8
1724198400001,8,0E-8
1724227200000,8,0E-8
1724256000001,8,0E-8
1724284800000,8,-0.00008055
1724313600000,8,0E-8
1724342400008,8,0E-8
1724371200000,8,-0.00020609
1724400000000,8,-0.00016127
1724428800000,8,-0.00025172
1724457600000,8,-0.00033776
1724486400005,8,0E-8
1724515200000,8,-0.00025018
1724544000000,8,-0.00017985
1724572800000,8,-0.00018285
1724601600000,8,0E-8
1724630400000,8,-6.6E-7
1724659200001,8,0E-8
1724688000000,8,0E-8
1724716800001,8,0E-8
1724745600000,8,0E-8
1724774400000,8,0E-8
1724803200000,8,0E-8
1724832000000,8,0E-8
1724860800001,8,0E-8
1724889600000,8,0E-8
1724918400001,8,0E-8
1724947200000,8,0E-8
1724976000000,8,0E-8
1725004800000,8,0E-8
1725033600000,8,0E-8
1725062400000,8,0E-8
1725091200000,8,0E-8
1725120000000,8,0E-8
1725148800000,8,0E-8
1725177600001,8,0E-8
1725206400000,8,-0.00005365
1725235200001,8,0E-8
1725264000001,8,0E-8
1725292800000,8,0E-8
1725321600000,8,0E-8
1725350400001,8,0E-8
1725379200000,8,0E-8
1725408000000,8,0E-8
1725436800000,8,0E-8
1725465600000,8,0E-8
1725494400000,8,0E-8
1725523200000,8,0E-8
1725552000005,8,0E-8
1725580800000,8,0E-8
1725609600001,8,0E-8
1725638400000,8,0E-8
1725667200000,8,0E-8
1725696000000,8,0E-8
1725724800000,8,0E-8
1725753600000,8,0E-8
1725782400000,8,0E-8
1725811200000,8,0E-8
1725840000000,8,0E-8
1725868800000,8,0E-8
1725897600001,8,0E-8
1725926400000,8,0.00000394
1725955200000,8,0E-8
1725984000000,8,0E-8
1726012800000,8,0E-8
1726041600000,8,0E-8
1726070400000,8,0E-8
1726099200000,8,0E-8
1726128000000,8,0E-8
1726156800000,8,0E-8
1726185600000,8,0E-8
1726214400001,8,0E-8
1726243200001,8,0E-8
1726272000000,8,0E-8
1726300800000,8,0E-8
1726329600001,8,0E-8
1726358400000,8,0E-8
1726387200000,8,0E-8
1726416000000,8,0E-8
1726444800000,8,0E-8
1726473600001,8,-0.00014697
1726502400000,8,-0.00003343
1726531200001,8,-0.00015539
1726560000000,8,-0.00000955
1726588800000,8,-0.00012454
1726617600000,8,-0.00011651
1726646400000,8,-0.00012655
1726675200004,8,-0.00003002
1726704000000,8,-0.00002078
1726732800000,8,0E-8
1726761600001,8,-0.00035746
1726790400000,8,-0.00007390
1726819200001,8,0E-8
1726848000000,8,0E-8
1726876800001,8,0E-8
1726905600000,8,0E-8
1726934400000,8,0E-8
1726963200000,8,0E-8
1726992000000,8,0E-8
1727020800000,8,0E-8
1727049600000,8,0E-8
1727078400000,8,0E-8
1727107200000,8,0E-8
1727136000000,8,0.00006712
1727164800000,8,0E-8
1727193600001,8,0E-8
1727222400000,8,0E-8
1727251200003,8,0E-8
1727280000000,8,0E-8
1727308800005,8,0E-8
1727337600000,8,0E-8
1727366400000,8,0E-8
1727395200000,8,0E-8
1727424000000,8,0E-8
1727452800000,8,0E-8
1727481600000,8,0E-8
1727510400001,8,0.00005223
1727539200000,8,0E-8
1727568000001,8,0E-8
1727596800000,8,0E-8
1727625600000,8,0E-8
1727654400000,8,0E-8
1727683200001,8,0E-8
1727712000000,8,0E-8
1727740800000,8,0E-8
1727769600000,8,0E-8
1727798400001,8,0E-8
1727827200000,8,-0.00002629
1727856000000,8,0E-8
1727884800000,8,0E-8
1727913600000,8,0E-8
1727942400000,8,0E-8
1727971200000,8,-0.00013994
1728000000000,8,0E-8
1728028800000,8,0E-8
1728057600001,8,0E-8
1728086400000,8,0E-8
1728115200000,8,0E-8
1728144000000,8,0E-8
1728172800000,8,0E-8
1728201600001,8,0E-8
1728230400000,8,0E-8
1728259200000,8,0E-8
1728288000000,8,0E-8
1728316800001,8,0E-8
1728345600000,8,0E-8
1728374400000,8,0E-8
1728403200000,8,0E-8
1728432000000,8,-0.00037285
1728460800000,8,-0.00055575
1728489600000,8,-0.00031397
1728518400000,8,-0.00007384
1728547200000,8,-0.00009860
1728576000000,8,-0.00012910
1728604800000,8,-0.00015143
1728633600000,8,0E-8
1728662400001,8,0E-8
1728691200000,8,0E-8
1728720000001,8,0E-8
1728748800000,8,0E-8
1728777600000,8,0E-8
1728806400000,8,0E-8
1728835200000,8,0E-8
1728864000000,8,0E-8
1728892800000,8,0E-8
1728921600000,8,0E-8
1728950400000,8,0E-8
1728979200000,8,0.00006460
1729008000000,8,0.00001914
1729036800000,8,0.00006645
1729065600001,8,0.00003157
1729094400000,8,0E-8
1729123200000,8,0E-8
1729152000000,8,0E-8
1729180800001,8,0E-8
1729209600010,8,0E-8
1729238400001,8,0E-8
1729267200000,8,0E-8
1729296000000,8,0E-8
1729324800000,8,0E-8
1729353600000,8,0E-8
1729382400000,8,0E-8
1729411200000,8,0E-8
1729440000000,8,0E-8
1729468800000,8,0E-8
1729497600000,8,0.00016124
1729526400000,8,0E-8
1729555200000,8,0E-8
1729584000000,8,0E-8
1729612800000,8,0E-8
1729641600000,8,0E-8
1729670400000,8,0E-8
1729699200000,8,0E-8
1729728000000,8,0E-8
1729756800000,8,0E-8
1729785600000,8,0E-8
1729814400000,8,0E-8
1729843200000,8,0E-8
1729872000000,8,0E-8
1729900800000,8,0E-8
1729929600001,8,0E-8
1729958400000,8,0E-8
1729987200000,8,0E-8
1730016000000,8,0E-8
1730044800000,8,0E-8
1730073600000,8,0E-8
1730102400001,8,0E-8
1730131200000,8,0E-8
1730160000000,8,0E-8
1730188800000,8,0.00004545
1730217600004,8,0E-8
1730246400000,8,0.00022390
1730275200000,8,0.00014298
1730304000013,8,0E-8
1730332800000,8,0.00007648
1730361600000,8,0.00003528
1730390400000,8,0E-8
1730419200000,8,0E-8
1730448000000,8,0E-8
1730476800000,8,0E-8
1730505600000,8,0E-8
1730534400000,8,0E-8
1730563200000,8,0E-8
1730592000000,8,0E-8
1730620800000,8,0E-8
1730649600000,8,0E-8
1730678400000,8,0E-8
1730707200000,8,0E-8
1730736000000,8,0E-8
1730764800000,8,0E-8
1730793600003,8,0E-8
1730822400001,8,0E-8
1730851200000,8,0E-8
1730880000000,8,0.00002834
1730908800000,8,0.00007705
1730937600000,8,0.00004190
1730966400000,8,0.00027164
1730995200000,8,0.00009543
1731024000000,8,0.00013806
1731052800000,8,0.00012525
1731081600000,8,0.00012741
1731110400000,8,0.00014585
1731139200000,8,0.00018785
1731168000000,8,0.00015914
1731196800000,8,0.00009947
1731225600000,8,0.00029165
1731254400000,8,0.00039432
1731283200001,8,0.00025293
1731312000000,8,0.00019878
1731340800000,8,0.00021978
1731369600002,8,0.00041550
1731398400000,8,0.00042666
1731427200000,8,0.00029213
1731456000000,8,0.00015032
1731484800010,8,0.00009601
1731513600000,8,0.00016720
1731542400001,8,0.00010701
1731571200000,8,0.00015621
1731600000000,8,0E-8
1731628800000,8,0.00002259
1731657600000,8,0E-8
1731686400000,8,0E-8
1731715200001,8,0E-8
1731744000001,8,0.00014634
1731772800000,8,0.00011027
1731801600000,8,0.00010792
1731830400000,8,0E-8
1731859200001,8,0.00000684
1731888000000,8,0E-8
1731916800000,8,0.00000740
1731945600000,8,0E-8
1731974400000,8,0.00010006
1732003200000,8,0.00020322
1732032000000,8,0.00021252
1732060800003,8,0.00017739
1732089600000,8,0.00015552
1732118400000,8,0.00013045
1732147200001,8,0.00007610
1732176000000,8,0.00011290
1732204800001,8,0.00018601
1732233600000,8,0.00026039
1732262400000,8,0.00022074
1732291200001,8,0.00025697
1732320000000,8,0.00025849
1732348800000,8,0.00031409
1732377600000,8,0.00026825
1732406400001,8,0.00027182
1732435200000,8,0.00023194
1732464000000,8,0.00027586
1732492800000,8,0.00016463
1732521600000,8,0.00023382
1732550400000,8,0.00017218
1732579200000,8,0.00019876
1732608000000,8,0.00021015
1732636800000,8,0.00013059
1732665600000,8,0.00014198
1732694400000,8,0.00016790
1732723200001,8,0.00018095
1732752000000,8,0.00025048
1732780800000,8,0.00029079
1732809600000,8,0.00016874
1732838400000,8,0.00025917
1732867200000,8,0.00017784
1732896000000,8,0.00023522
1732924800000,8,0.00025161
1732953600000,8,0.00028198
1732982400000,8,0.00017695
1733011200000,8,0.00020315
1733040000000,8,0.00023081
1733068800000,8,0.00025892
1733097600001,8,0.00034152
1733126400001,8,0.00025785
1733155200000,8,0.00031152
1733184000000,8,0.00036686
1733212800000,8,0.00043533
1733241600000,8,0.00026470
1733270400000,8,0.00027322
1733299200000,8,0.00025819
1733328000000,8,0.00030723
1733356800001,8,0.00042947
1733385600000,8,0.00038805
1733414400000,8,0.00034913
1733443200000,8,0.00028199
1733472000000,8,0.00024535
1733500800000,8,0.00018233
1733529600000,8,0.00033562
1733558400000,8,0.00024332
1733587200000,8,0.00029675
1733616000000,8,0.00019104
1733644800000,8,0.00025929
1733673600000,8,0.00012175
1733702400000,8,0.00025880
1733731200000,8,0.00017589
1733760000001,8,0.00021516
1733788800007,8,0E-8
1733817600000,8,0.00009225
1733846400000,8,0.00005529
1733875200000,8,0.00007477
1733904000000,8,0.00006030
1733932800001,8,0.00007029
1733961600001,8,0.00008003
1733990400000,8,0.00003327
1734019200001,8,0.00001340
1734048000000,8,0.00008474
1734076800000,8,0.00010016
1734105600001,8,0E-8
1734134400000,8,0E-8
1734163200000,8,0E-8
1734192000000,8,0E-8
1734220800000,8,0E-8
1734249600000,8,0E-8
1734278400000,8,0E-8
1734307200000,8,0E-8
1734336000001,8,0.00015290
1734364800000,8,0.00010698
1734393600000,8,0.00013724
1734422400000,8,0.00006707
1734451200000,8,0.00007890
1734480000000,8,0.00002200
1734508800000,8,0E-8
1734537600000,8,0.00001563
1734566400000,8,0E-8
1734595200000,8,0E-8
1734624000000,8,0E-8
1734652800000,8,0E-8
1734681600001,8,0E-8
1734710400014,8,-0.00001100
1734739200000,8,0E-8
1734768000000,8,0E-8
1734796800001,8,0E-8
1734825600000,8,0E-8
1734854400000,8,0E-8
1734883200000,8,0E-8
1734912000000,8,0E-8
1734940800000,8,0E-8
1734969600001,8,-0.00011832
1734998400000,8,-0.00024217
1735027200000,8,-0.00012634
1735056000001,8,0E-8
1735084800001,8,-0.00008695
1735113600000,8,0E-8
1735142400000,8,0E-8
1735171200000,8,-0.00000885
1735200000000,8,0E-8
1735228800000,8,-0.00031562
1735257600000,8,-0.00016697
1735286400000,8,-0.00011848
1735315200000,8,0E-8
1735344000001,8,0E-8
1735372800000,8,0E-8
1735401600000,8,0E-8
1735430400000,8,0E-8
1735459200000,8,0E-8
1735488000000,8,0E-8
1735516800000,8,0E-8
1735545600001,8,-0.00007761
1735574400000,8,0E-8
1735603200000,8,0E-8
1735632000000,8,-0.00001412
1735660800000,8,-0.00003674
1735689600015,8,0E-8
1735718400000,8,0E-8
1735747200001,8,0E-8
1735776000000,8,-0.00017090
1735804800006,8,0E-8
1735833600000,8,0E-8
1735862400000,8,0E-8
1735891200000,8,0E-8
1735920000000,8,0E-8
1735948800000,8,0E-8
1735977600000,8,0E-8
1736006400000,8,0E-8
1736035200000,8,0E-8
1736064000000,8,0E-8
1736092800000,8,0E-8
1736121600000,8,0E-8
1736150400001,8,0E-8
1736179200000,8,0E-8
1736208000000,8,0.00009183
1736236800000,8,0E-8
1736265600008,8,-0.00007515
1736294400001,8,-0.00097361
1736323200000,8,-0.00038843
1736352000000,8,-0.00005393
1736380800000,8,-0.00020205
1736409600000,8,-0.00002644
1736438400000,8,-0.00006041
1736467200000,8,-0.00046329
1736496000000,8,-0.00028026
1736524800000,8,0E-8
1736553600000,8,0E-8
1736582400000,8,0E-8
1736611200000,8,0E-8
1736640000000,8,0E-8
1736668800000,8,0E-8
1736697600000,8,-0.00005640
1736726400000,8,0E-8
1736755200000,8,-0.00038994
1736784000000,8,-0.00056181
1736812800000,8,0E-8
1736841600000,8,0E-8
1736870400000,8,0E-8
1736899200000,8,0E-8
1736928000000,8,0E-8
1736956800000,8,0E-8
1736985600000,8,0E-8
1737014400000,8,0E-8
1737043200000,8,0E-8
1737072000004,8,0E-8
1737100800000,8,0.00003588
1737129600008,8,0E-8
1737158400000,8,0E-8
1737187200007,8,0E-8
1737216000000,8,0E-8
1737244800000,8,0E-8
1737273600000,8,0.00014009
1737302400000,8,0.00007785
1737331200000,8,0.00003183
1737360000009,8,0.00012056
1737388800000,8,0.00010734
1737417600000,8,0.00000884
1737446400000,8,0.00005365
1737475200000,8,0.00009555
1737504000000,8,0.00011414
1737532800000,8,0E-8
1737561600000,8,0E-8
1737590400001,8,0.00007186
1737619200000,8,0.00000316
1737648000000,8,0E-8
1737676800000,8,0E-8
1737705600000,8,0.00008366
1737734400000,8,0E-8
1737763200000,8,0E-8
1737792000000,8,0E-8
1737820800001,8,0.00008692
1737849600000,8,0.00007393
1737878400000,8,0E-8
1737907200000,8,0E-8
1737936000000,8,0E-8
1737964800000,8,-0.00011806
1737993600000,8,0E-8
1738022400000,8,0E-8
1738051200000,8,0E-8
1738080000000,8,0E-8
1738108800000,8,0E-8
1738137600000,8,0E-8
1738166400000,8,0E-8
1738195200000,8,0E-8
1738224000000,8,0E-8
1738252800000,8,0E-8
1738281600000,8,0E-8
1738310400000,8,0E-8
1738339200000,8,0E-8
1738368000000,8,0E-8
1738396800000,8,0.00006065
1738425600000,8,0E-8
1738454400001,8,0E-8
1738483200000,8,0E-8
1738512000000,8,0E-8
1738540800000,8,0E-8
1738569600000,8,0E-8
1738598400000,8,0E-8
1738627200000,8,0E-8
1738656000001,8,0E-8
1738684800000,8,0E-8
1738713600001,8,0E-8
1738742400001,8,0E-8
1738771200000,8,0E-8
1738800000001,8,0E-8
1738828800001,8,0E-8
1738857600000,8,-0.00001062
1738886400000,8,-0.00007517
1738915200000,8,-0.00009676
1738944000000,8,0E-8
1738972800000,8,0E-8
1739001600000,8,0E-8
1739030400000,8,0E-8
1739059200000,8,-0.00004891
1739088000000,8,-0.00035055
1739116800000,8,-0.00004112
1739145600000,8,0E-8
1739174400000,8,0E-8
1739203200000,8,0E-8
1739232000000,8,0E-8
1739260800000,8,0E-8
1739289600000,8,0E-8
1739318400000,8,-0.00014838
1739347200000,8,0E-8
1739376000001,8,0E-8
1739404800001,8,0E-8
1739433600000,8,0E-8
1739462400001,8,-0.00055066
1739491200000,8,0E-8
1739520000001,8,0E-8
1739548800000,8,-0.00005277
1739577600000,8,-0.00010519
1739606400000,8,0E-8
1739635200000,8,-0.00008377
1739664000000,8,0E-8
1739692800000,8,-0.00004157
1739721600000,8,-0.00035333
1739750400000,8,-0.00014472
1739779200000,8,0E-8
1739808000000,8,-0.00017970
1739836800000,8,-0.00004687
1739865600000,8,-0.00007162
1739894400000,8,-0.00007734
1739923200000,8,0E-8
1739952000000,8,0E-8
1739980800000,8,-0.00018423
1740009600000,8,0E-8
1740038400000,8,-0.00002058
1740067200000,8,-0.00010928
1740096000001,8,0E-8
1740124800000,8,-0.00011679
1740153600000,8,-0.00040529
1740182400000,8,-0.00036429
1740211200000,8,-0.00009168
1740240000000,8,-0.00008452
1740268800000,8,-0.00007381
1740297600000,8,-0.00020784
1740326400000,8,-0.00008545
1740355200000,8,-0.00052382
1740384000000,8,-0.00010661
1740412800000,8,0E-8
1740441600000,8,-0.00001384
1740470400000,8,0E-8
1740499200000,8,-0.00003019
1740528000000,8,-0.00033883
1740556800000,8,-0.00017781
1740585600000,8,-0.00003690
1740614400001,8,0E-8
1740643200000,8,0E-8
1740672000000,8,0E-8
1740700800001,8,-0.00004567
1740729600000,8,-0.00000634
1740758400000,8,-0.00010522
1740787200000,8,0E-8
1740816000000,8,-0.00018016
1740844800001,8,-0.00036277
1740873600000,8,-0.00025537
1740902400000,8,-0.00001752
1740931200000,8,0E-8
1740960000001,8,0E-8
1740988800000,8,0E-8
1741017600000,8,-0.00027543
1741046400001,8,-0.00018834
1741075200005,8,-0.00005518
1741104000000,8,0E-8
1741132800000,8,0E-8
1741161600000,8,-0.00009954
1741190400000,8,0E-8
1741219200000,8,0E-8
1741248000001,8,0E-8
1741276800000,8,0E-8
1741305600000,8,0E-8
1741334400001,8,0E-8
1741363200000,8,0E-8
1741392000000,8,0E-8
1741420800001,8,0E-8
1741449600001,8,0E-8
1741478400001,8,0E-8
1741507200000,8,-0.00009932
1741536000000,8,-0.00003136
1741564800000,8,-0.00010786
1741593600000,8,0E-8
1741622400000,8,0E-8
1741651200000,8,-0.00006362
1741680000000,8,-0.00006049
1741708800001,8,0E-8
1741737600000,8,0E-8
1741766400000,8,-0.00001423
1741795200001,8,0E-8
1741824000000,8,0E-8
1741852800000,8,0E-8
1741881600000,8,0E-8
1741910400000,8,0E-8
1741939200000,8,-0.00004742
1741968000000,8,-0.00001454
1741996800000,8,-0.00002856
1742025600000,8,-0.00000731
1742054400000,8,0E-8
1742083200000,8,0E-8
1742112000000,8,0E-8
1742140800000,8,0E-8
1742169600000,8,0E-8
1742198400000,8,0E-8
1742227200000,8,0E-8
1742256000000,8,-0.00003807
1742284800000,8,0E-8
1742313600000,8,0E-8
1742342400000,8,-0.00010693
1742371200000,8,-0.00010256
1742400000000,8,-0.00015238
1742428800000,8,-0.00047322
1742457600000,8,-0.00000586
1742486400000,8,-0.00012553
1742515200000,8,-0.00031252
1742544000000,8,-0.00055149
1742572800000,8,-0.00034207
1742601600000,8,-0.00033579
1742630400004,8,-0.00033100
1742659200000,8,-0.00037452
1742688000000,8,-0.00029912
1742716800000,8,-0.00032430
1742745600000,8,-0.00048595
1742774400000,8,-0.00019082
1742803200000,8,-0.00027641
1742832000000,8,-0.00018556
1742860800001,8,-0.00014070
1742889600000,8,-0.00032595
1742918400000,8,0E-8
1742947200000,8,0E-8
1742976000000,8,0E-8
1743004800001,8,0E-8
1743033600001,8,0E-8
1743062400001,8,0E-8
1743091200002,8,-0.00002320
1743120000001,8,-0.00023061
1743148800001,8,-0.00019365
1743177600000,8,-0.00003604
1743206400000,8,-0.00026164
1743235200000,8,-0.00022020
1743264000000,8,-0.00026952
1743292800000,8,-0.00025764
1743321600000,8,-0.00045028
1743350400000,8,-0.00033423
1743379200000,8,-0.00022809
1743408000000,8,-0.00005040
1743436800000,8,-0.00004323
1743465600000,8,0E-8
1743494400001,8,0E-8
1743523200000,8,-0.00079717
1743552000001,8,0E-8
1743580800000,8,0E-8
1743609600000,8,-0.00008386
1743638400000,8,-0.00024780
1743667200000,8,-0.00045003
1743696000000,8,0E-8
1743724800000,8,0E-8
1743753600000,8,0E-8
1743782400000,8,0E-8
1743811200000,8,0E-8
1743840000000,8,0E-8
1743868800000,8,0E-8
1743897600000,8,0E-8
1743926400000,8,0E-8
1743955200002,8,0E-8
1743984000000,8,0E-8
1744012800000,8,0E-8
1744041600000,8,0E-8
1744070400000,8,0E-8
1744099200000,8,0E-8
1744128000000,8,0E-8
1744156800000,8,0E-8
1744185600001,8,0E-8
1744214400000,8,0E-8
1744243200000,8,0E-8
1744272000000,8,0E-8
1744300800000,8,0E-8
1744329600001,8,0E-8
1744358400000,8,0E-8
1744387200000,8,0E-8
1744416000000,8,0E-8
1744444800001,8,-0.00015552
1744473600000,8,-0.00017994
1744502400000,8,0E-8
1744531200000,8,0E-8
1744560000000,8,-0.00005726
1744588800000,8,-0.00004860
1744617600000,8,0E-8
1744646400000,8,-0.00013678
1744675200000,8,-0.00009005
1744704000000,8,0E-8
1744732800001,8,0E-8
1744761600000,8,-0.00022781
1744790400000,8,0E-8
1744819200000,8,0E-8
1744848000001,8,0E-8
1744876800000,8,0E-8
1744905600001,8,0E-8
1744934400000,8,0E-8
1744963200000,8,-0.00022317
1744992000000,8,-0.00005807
1745020800000,8,0E-8
1745049600000,8,-0.00034700
1745078400000,8,-0.00041186
1745107200000,8,0E-8
1745136000000,8,0E-8
1745164800000,8,0E-8
1745193600000,8,-0.00021758
1745222400005,8,0E-8
1745251200003,8,0E-8
1745280000008,8,-0.00023365
1745308800000,8,-0.00010438
1745337600000,8,0E-8
1745366400000,8,0E-8
1745395200002,8,0E-8
1745424000000,8,0E-8
1745452800000,8,0E-8
1745481600001,8,0E-8
1745510400001,8,0E-8
1745539200007,8,0E-8
1745568000002,8,0E-8
1745596800003,8,0E-8
1745625600002,8,0E-8
1745654400000,8,-0.00005172
1745683200002,8,0E-8
1745712000001,8,0E-8
1745740800000,8,-0.00007247
1745769600000,8,-0.00008618
1745798400001,8,0E-8
1745827200003,8,0E-8
1745856000005,8,0E-8
1745884800000,8,0E-8
1745913600000,8,0E-8
1745942400010,8,-0.00004513
1745971200001,8,-0.00022437
1746000000000,8,0E-8
1746028800003,8,-0.00001462
1746057600000,8,-0.00049730
1746086400000,8,0E-8
1746115200001,8,0E-8
1746144000000,8,-0.00020135
1746172800000,8,0E-8
1746201600003,8,0E-8
1746230400000,8,-0.00000636
1746259200000,8,0E-8
1746288000000,8,-0.00003504
1746316800001,8,-0.00001702
1746345600001,8,-0.00003106
1746374400002,8,-0.00049565
1746403200000,8,-0.00030230
1746432000000,8,0E-8
1746460800006,8,0E-8
1746489600002,8,-0.00001939
1746518400005,8,-0.00046111
1746547200000,8,0E-8
1746576000002,8,0E-8
1746604800000,8,0E-8
1746633600006,8,0E-8
1746662400000,8,-0.00006247
1746691200001,8,0E-8
1746720000002,8,0E-8
1746748800001,8,0E-8
1746777600006,8,0E-8
1746806400000,8,0E-8
1746835200001,8,0E-8
1746864000000,8,0E-8
1746892800001,8,0E-8
1746921600000,8,0E-8
1746950400001,8,0.00002903
1746979200001,8,0.00000649
1747008000004,8,0E-8
1747036800000,8,0E-8
1747065600000,8,0.00006043
1747094400000,8,0E-8
1747123200008,8,0E-8
1747152000001,8,0E-8
1747180800007,8,0.00005012
1747209600000,8,0E-8
1747238400002,8,0E-8
1747267200000,8,0E-8
1747296000003,8,0E-8
1747324800000,8,0E-8
1747353600001,8,0E-8
1747382400000,8,0E-8
1747411200000,8,0E-8
1747440000000,8,0E-8
1747468800001,8,0E-8
1747497600004,8,0E-8
1747526400000,8,0E-8
1747555200000,8,0E-8
1747584000000,8,0E-8
1747612800000,8,0E-8
1747641600006,8,0E-8
1747670400010,8,0E-8
1747699200000,8,0E-8
1747728000002,8,0E-8
1747756800000,8,0E-8
1747785600000,8,0E-8
1747814400001,8,0E-8
1747843200004,8,0E-8
1747872000001,8,0E-8
1747900800000,8,0E-8
1747929600002,8,0E-8
1747958400006,8,0E-8
1747987200000,8,0E-8
1748016000007,8,0E-8
1748044800010,8,0E-8
1748073600000,8,0E-8
1748102400003,8,0E-8
1748131200004,8,0E-8
1748160000000,8,0E-8
1748188800000,8,0E-8
1748217600000,8,0E-8
1748246400000,8,0E-8
1748275200002,8,0E-8
1748304000003,8,0E-8
1748332800001,8,0E-8
1748361600005,8,0E-8
1748390400002,8,0E-8
1748419200003,8,0E-8
1748448000002,8,0E-8
1748476800000,8,0E-8
1748505600006,8,0E-8
1748534400000,8,0E-8
1748563200003,8,0E-8
1748592000003,8,0E-8
1748620800000,8,0E-8
1748649600000,8,0E-8
1748678400000,8,-0.00003519
1748707200000,8,0E-8
1748736000001,8,0E-8
1748764800002,8,-0.00002485
1748793600000,8,-0.00001710
1748822400001,8,0E-8
1748851200000,8,0E-8
1748880000000,8,0E-8
1748908800000,8,0E-8
1748937600000,8,0E-8
1748966400001,8,0E-8
1748995200000,8,0E-8
1749024000000,8,0E-8
1749052800000,8,0E-8
1749081600016,8,0E-8
1749110400000,8,0E-8
1749139200000,8,0E-8
1749168000002,8,-0.00017896
1749196800000,8,-0.00016509
1749225600006,8,0E-8
1749254400000,8,0E-8
1749283200000,8,-0.00002929
1749312000002,8,-0.00003338
1749340800000,8,0E-8
1749369600000,8,-0.00005138
1749398400000,8,0E-8
1749427200000,8,0E-8
1749456000001,8,-0.00013999
1749484800001,8,-0.00002759
1749513600000,8,0E-8
1749542400001,8,0E-8
1749571200003,8,-0.00002840
1749600000000,8,0E-8
1749628800000,8,0E-8
1749657600010,8,0E-8
1749686400002,8,0E-8
1749715200003,8,0E-8
1749744000001,8,0E-8
1749772800000,8,-0.00008669
1749801600001,8,0E-8
1749830400004,8,0E-8
1749859200000,8,0E-8
1749888000000,8,-0.00009685
1749916800000,8,-0.00014980
1749945600005,8,-0.00015328
1749974400009,8,0E-8
1750003200000,8,0E-8
1750032000000,8,0E-8
1750060800000,8,0E-8
1750089600003,8,0E-8
1750118400000,8,0E-8
1750147200006,8,0E-8
1750176000001,8,0E-8
1750204800001,8,0E-8
1750233600001,8,0E-8
1750262400001,8,-0.00017564
1750291200005,8,-0.00006854
1750320000003,8,0E-8
1750348800000,8,0E-8
1750377600000,8,0E-8
1750406400002,8,0E-8
1750435200001,8,0E-8
1750464000002,8,0E-8
1750492800005,8,0E-8
1750521600000,8,-0.00015072
1750550400005,8,-0.00012535
1750579200000,8,0E-8
1750608000003,8,0E-8
1750636800000,8,0E-8
1750665600004,8,0E-8
1750694400013,8,0E-8
1750723200003,8,-0.00000768
1750752000000,8,-0.00016409
1750780800000,8,-0.00012123
1750809600005,8,0E-8
1750838400000,8,0E-8
1750867200005,8,0E-8
1750896000000,8,0E-8
1750924800006,8,0E-8
1750953600007,8,0E-8
1750982400000,8,0E-8
1751011200000,8,0E-8
1751040000009,8,0E-8
1751068800001,8,0E-8
1751097600002,8,0E-8
1751126400000,8,0E-8
1751155200004,8,0E-8
1751184000001,8,0E-8
1751212800001,8,0E-8
1751241600000,8,0E-8
1751270400005,8,0E-8
1751299200002,8,0E-8
1751328000007,8,0E-8
1751356800002,8,0E-8
1751385600000,8,0E-8
1751414400001,8,0E-8
1751443200000,8,0E-8
1751472000003,8,0E-8
1751500800006,8,0E-8
1751529600003,8,0E-8
1751558400003,8,0E-8
1751587200005,8,0E-8
1751616000003,8,0E-8
1751644800001,8,0E-8
1751673600004,8,0E-8
1751702400009,8,0E-8
1751731200006,8,0E-8
1751760000001,8,0E-8
1751788800002,8,0E-8
1751817600004,8,0E-8
1751846400000,8,0E-8
1751875200007,8,0E-8
1751904000000,8,0E-8
1751932800010,8,0E-8
1751961600003,8,0E-8
1751990400000,8,0E-8
1752019200002,8,0E-8
1752048000006,8,0E-8
1752076800001,8,0E-8
1752105600003,8,0E-8
1752134400000,8,0E-8
1752163200004,8,0E-8
1752192000004,8,0E-8
1752220800007,8,0E-8
1752249600001,8,0E-8
1752278400000,8,0E-8
1752307200001,8,0.00002145
1752336000002,8,0E-8
1752364800006,8,0E-8
1752393600001,8,0E-8
1752422400003,8,0E-8
1752451200000,8,0E-8
1752480000000,8,0.00009440
1752508800000,8,0E-8
1752537600002,8,0E-8
1752566400000,8,0E-8
1752595200000,8,0E-8
1752624000000,8,0E-8
1752652800000,8,0E-8
1752681600008,8,0E-8
1752710400003,8,0E-8
1752739200000,8,0E-8
1752768000000,8,0.00004682
1752796800004,8,0.00005506
1752825600000,8,0.00013265
1752854400000,8,0.00004213
1752883200009,8,0E-8
1752912000000,8,0E-8
1752940800002,8,0E-8
1752969600000,8,0E-8
1752998400000,8,0.00001211
1753027200000,8,0E-8
1753056000001,8,0.00003139
1753084800000,8,0.00001130
1753113600001,8,0.00012067
1753142400000,8,0E-8
1753171200010,8,0E-8
1753200000007,8,0.00010652
1753228800000,8,0.00024488
1753257600004,8,0.00023989
1753286400002,8,0.00003205
1753315200000,8,0E-8
1753344000001,8,0E-8
1753372800000,8,0.00003908
1753401600000,8,0E-8
1753430400000,8,0E-8
1753459200000,8,0.00001809
1753488000001,8,0.00013733
1753516800005,8,0.00000560
1753545600001,8,0.00000157
1753574400001,8,0.00012703
1753603200000,8,0E-8
1753632000008,8,0.00009734
1753660800005,8,0.00013252
1753689600000,8,0.00010789
1753718400000,8,0.00011022
1753747200001,8,0.00005822
1753776000000,8,0.00000714
1753804800000,8,0.00007209
1753833600011,8,0.00010428
1753862400000,8,0.00003363
1753891200008,8,0.00003062
1753920000000,8,0.00007977
1753948800009,8,0E-8
1753977600000,8,0E-8
1754006400001,8,0E-8
1754035200003,8,0.00002565
1754064000000,8,0.00003090
1754092800004,8,0.00000979
1754121600000,8,0E-8
1754150400000,8,0E-8
1754179200000,8,0.00003677
1754208000000,8,0E-8
1754236800003,8,0E-8
1754265600004,8,0E-8
1754294400000,8,0E-8
1754323200002,8,0E-8
1754352000000,8,0E-8
1754380800000,8,0E-8
1754409600000,8,0E-8
1754438400005,8,0E-8
1754467200000,8,0E-8
1754496000000,8,0.00003269
1754524800003,8,0.00004170
1754553600002,8,0E-8
1754582400002,8,0E-8
1754611200002,8,0E-8
1754640000004,8,0E-8
1754668800000,8,0E-8
1754697600005,8,0E-8
1754726400000,8,0E-8
1754755200007,8,0.00005501
1754784000003,8,0E-8
1754812800005,8,0.00003278
1754841600002,8,0E-8
1754870400000,8,0E-8
1754899200000,8,0.00014301
1754928000000,8,0E-8
1754956800000,8,0E-8
1754985600001,8,0E-8
1755014400005,8,0E-8
1755043200000,8,0.00014410
1755072000002,8,0.00007511
1755100800006,8,0.00022827
1755129600002,8,0.00002287
1755158400003,8,0.00019442
1755187200000,8,0.00008604
1755216000000,8,0E-8
1755244800000,8,0E-8
1755273600000,8,0E-8
1755302400004,8,0E-8
1755331200000,8,0E-8
1755360000002,8,0E-8
1755388800000,8,0E-8
1755417600001,8,0.00000344
1755446400007,8,0E-8
1755475200000,8,0.00003265
1755504000001,8,0E-8
1755532800002,8,0E-8
1755561600000,8,0E-8
1755590400001,8,0E-8
1755619200000,8,0E-8
1755648000000,8,0E-8
1755676800000,8,0E-8
1755705600000,8,0E-8
1755734400006,8,0.00009039
1755763200000,8,0.00003769
1755792000003,8,0E-8
1755820800010,8,0E-8
1755849600007,8,0E-8
1755878400001,8,0.00004832
1755907200004,8,0.00032856
1755936000006,8,0.00018028
1755964800000,8,0.00012106
1755993600001,8,0.00011059
1756022400002,8,0.00011701
1756051200001,8,0E-8
1756080000000,8,9E-8
1756108800002,8,0.00006642
1756137600002,8,0E-8
1756166400000,8,0E-8
1756195200000,8,0.00000280
1756224000000,8,0E-8
1756252800003,8,0.00004937
1756281600000,8,0E-8
1756310400009,8,0E-8
1756339200000,8,0.00002791
1756368000005,8,0.00009121
1756396800004,8,0.00006997
1756425600000,8,0.00003288
1756454400000,8,0.00001013
1756483200005,8,0.00002538
1756512000000,8,0.00001126
1756540800002,8,0.00004455
1756569600003,8,0E-8
1756598400016,8,0.00003932
1756627200000,8,0E-8
1756656000001,8,0E-8
1756684800000,8,0E-8
1756713600000,8,0E-8
1756742400001,8,0E-8
1756771200000,8,0E-8
1756800000005,8,0E-8
1756828800007,8,0.00002168
1756857600006,8,0E-8
1756886400002,8,0E-8
1756915200002,8,0E-8
1756944000002,8,0.00002732
1756972800000,8,0E-8
1757001600000,8,0E-8
1757030400001,8,0E-8
1757059200006,8,0E-8
1757088000000,8,0E-8
1757116800000,8,0E-8
1757145600005,8,0E-8
1757174400000,8,0.00001384
1757203200000,8,0E-8
1757232000000,8,0E-8
1757260800000,8,0.00005222
1757289600007,8,0.00007418
1757318400000,8,0E-8
1757347200000,8,0E-8
1757376000000,8,0.00012454
1757404800000,8,0.00009705
1757433600000,8,0E-8
1757462400000,8,0E-8
1757491200002,8,0.00005321
1757520000000,8,0.00010856
1757548800000,8,0E-8
1757577600000,8,0E-8
1757606400001,8,0.00002308
1757635200002,8,0E-8
1757664000001,8,0.00003147
1757692800005,8,0.00010830
1757721600005,8,0.00016022
1757750400002,8,0.00012080
1757779200000,8,0.00012118
1757808000006,8,0E-8
1757836800000,8,0.00010453
1757865600001,8,0E-8
1757894400006,8,0E-8
1757923200002,8,0E-8
1757952000001,8,0E-8
1757980800001,8,0.00000195
1758009600000,8,0E-8
1758038400000,8,0E-8
1758067200001,8,0.00015544
1758096000000,8,0.00005771
1758124800003,8,0.00006133
1758153600006,8,0.00011161
1758182400002,8,0.00014904
1758211200000,8,0.00007826
1758240000000,8,0.00003442
1758268800005,8,0E-8
1758297600000,8,0.00008365
1758326400000,8,0E-8
1758355200000,8,0E-8
1758384000002,8,0E-8
1758412800000,8,0E-8
1758441600000,8,0E-8
1758470400000,8,0E-8
1758499200005,8,0E-8
1758528000003,8,0.00004118
1758556800000,8,0.00007583
1758585600000,8,0.00004293
1758614400001,8,0E-8
1758643200000,8,0E-8
1758672000003,8,0.00006267
1758700800001,8,0E-8
1758729600002,8,0.00000926
1758758400000,8,0E-8
1758787200001,8,0.00011201
1758816000000,8,0.00000450
1758844800000,8,0.00005119
1758873600000,8,0.00000924
1758902400008,8,0E-8
1758931200000,8,0E-8
1758960000010,8,0E-8
1758988800003,8,0E-8
1759017600000,8,0E-8
1759046400000,8,0E-8
1759075200000,8,0E-8
1759104000000,8,0E-8
1759132800002,8,0.00016081
1759161600001,8,0E-8
1759190400002,8,0E-8
1759219200005,8,0.00003761
1759248000000,8,0.00007373
1759276800000,8,0E-8
1759305600000,8,0E-8
1759334400000,8,0E-8
1759363200000,8,0E-8
1759392000013,8,0E-8
1759420800000,8,0E-8
1759449600006,8,0.00021025
1759478400006,8,0.00009993
1759507200000,8,0.00002968
1759536000001,8,0.00009490
1759564800000,8,0.00003472
1759593600000,8,0.00003987
1759622400000,8,0.00004607
1759651200003,8,0E-8
1759680000009,8,0E-8
1759708800004,8,0E-8
1759737600002,8,0.00006884
1759766400004,8,0.00003841
1759795200000,8,0E-8
1759824000003,8,0E-8
1759852800000,8,0.00006251
1759881600000,8,0E-8
1759910400006,8,0E-8
1759939200002,8,0E-8
1759968000001,8,0E-8
1759996800000,8,0E-8
1760025600000,8,0E-8
1760054400005,8,0E-8
1760083200002,8,0E-8
1760112000014,8,0E-8
1760140800000,8,0.00000276
1760169600003,8,0E-8
1760198400000,8,0E-8
1760227200004,8,0E-8
1760256000002,8,0E-8
1760284800000,8,-0.00005331
1760313600003,8,0E-8
1760342400002,8,-0.00030569
1760371200003,8,0E-8
1760400000000,8,-0.00027668
1760428800000,8,0E-8
1760457600000,8,-0.00016775
1760486400006,8,-0.00020435
1760515200002,8,0E-8
1760544000000,8,0E-8
1760572800000,8,0E-8
1760601600003,8,0E-8
1760630400002,8,0E-8
1760659200001,8,0E-8
1760688000005,8,0E-8
1760716800003,8,-0.00016779
1760745600000,8,0E-8
1760774400002,8,-0.00013138
1760803200001,8,-0.00008672
1760832000001,8,-0.00001193
1760860800001,8,0E-8
1760889600001,8,-0.00008195
1760918400004,8,-0.00021765
1760947200001,8,-0.00003486
1760976000000,8,-0.00035218
1761004800009,8,-0.00002886
1761033600000,8,0E-8
1761062400000,8,0E-8
1761091200004,8,0E-8
1761120000000,8,-0.00014817
1761148800000,8,-0.00007842
1761177600000,8,-0.00006940
1761206400001,8,0E-8
1761235200004,8,0E-8
1761264000000,8,-0.00020182
1761292800000,8,-0.00003383
1761321600009,8,-0.00021638
1761350400000,8,-0.00015562
1761379200001,8,-0.00009134
1761408000001,8,-0.00002384
1761436800001,8,0E-8
1761465600001,8,0E-8
1761494400000,8,0E-8
1761523200000,8,0E-8
1761552000005,8,0E-8
1761580800000,8,0E-8
1761609600000,8,0E-8
1761638400000,8,-0.00011396
1761667200004,8,0E-8
1761696000004,8,-0.00029777
1761724800005,8,-0.00023533
1761753600000,8,0E-8
1761782400004,8,0E-8
1761811200008,8,0E-8
1761840000001,8,-0.00009470
1761868800000,8,-0.00030437
1761897600008,8,-0.00010318
1761926400007,8,0E-8
1761955200001,8,-0.00009114
1761984000000,8,-0.00000892
1762012800000,8,-0.00014754
1762041600007,8,0E-8
1762070400000,8,0E-8
1762099200001,8,0E-8
1762128000000,8,0E-8
1762156800010,8,0E-8
1762185600000,8,0E-8
1762214400002,8,0E-8
1762243200004,8,0E-8
1762272000000,8,0E-8
1762300800000,8,0E-8
1762329600000,8,0E-8
1762358400004,8,0E-8
1762387200001,8,0E-8
1762416000000,8,0E-8
1762444800001,8,0E-8
1762473600005,8,0E-8
1762502400003,8,0E-8
1762531200005,8,0E-8
1762560000011,8,0E-8
1762588800015,8,0E-8
1762617600001,8,0E-8
1762646400004,8,0E-8
1762675200000,8,0E-8
1762704000005,8,0E-8
1762732800000,8,0E-8
1762761600000,8,-6E-8
1762790400003,8,-0.00021863
1762819200007,8,-0.00015352
1762848000000,8,0E-8
1762876800009,8,0E-8
1762905600000,8,0E-8
1762934400002,8,0E-8
1762963200000,8,0E-8
1762992000002,8,-0.00002848
1763020800000,8,0E-8
1763049600001,8,0E-8
1763078400000,8,0E-8
1763107200000,8,0E-8
1763136000001,8,0E-8
1763164800005,8,0E-8
1763193600000,8,0E-8
1763222400001,8,0E-8
1763251200001,8,0E-8
1763280000000,8,0.00004995
1763308800000,8,0E-8
1763337600003,8,0E-8
1763366400003,8,0.00006771
1763395200000,8,0E-8
1763424000002,8,0E-8
1763452800004,8,0.00005110
1763481600000,8,0.00006524
1763510400000,8,0.00009883
1763539200000,8,0.00008900
1763568000008,8,0.00000458
1763596800000,8,0E-8
1763625600000,8,0.00008774
1763654400000,8,0.00005937
1763683200001,8,0E-8
1763712000000,8,0.00002824
1763740800001,8,0.00001020
1763769600004,8,0.00005137
1763798400000,8,0.00006640
1763827200000,8,0.00001610
1763856000000,8,0.00007803
1763884800008,8,0E-8
1763913600003,8,0E-8
1763942400004,8,0E-8
1763971200000,8,0.00011464
1764000000006,8,0E-8
1764028800000,8,0.00014383
1764057600009,8,0E-8
1764086400007,8,0E-8
1764115200001,8,0E-8
1764144000001,8,0.00000870
1764172800000,8,0E-8
1764201600013,8,0.00005647
1764230400000,8,0E-8
1764259200004,8,0E-8
1764288000008,8,0E-8
1764316800000,8,0E-8
1764345600008,8,0E-8
1764374400000,8,0E-8
1764403200005,8,0E-8
1764432000001,8,0E-8
1764460800003,8,0E-8
1764489600000,8,0E-8
1764518400004,8,0E-8
1764547200000,8,0E-8
1764576000004,8,0E-8
1764604800000,8,0E-8
1764633600004,8,0E-8
1764662400000,8,0E-8
1764691200000,8,0E-8
1764720000000,8,0E-8
1764748800000,8,0E-8
1764777600005,8,0E-8
1764806400012,8,0.00003446
1764835200000,8,0.00005603
1764864000011,8,0.00005758
1764892800000,8,0.00002223
1764921600000,8,0.00001496
1764950400010,8,0.00002344
1764979200001,8,0E-8
1765008000001,8,0E-8
1765036800008,8,0E-8
1765065600000,8,0E-8
1765094400004,8,0E-8
1765123200000,8,0E-8
1765152000000,8,0E-8
1765180800000,8,0.00002792
1765209600001,8,0.00003235
1765238400001,8,0E-8
1765267200001,8,0E-8
1765296000007,8,0E-8
1765324800007,8,0.00001106
1765353600002,8,0E-8
1765382400012,8,0E-8
1765411200001,8,0.00003901
1765440000000,8,0E-8
1765468800000,8,0E-8
1765497600005,8,0E-8
1765526400007,8,0E-8
1765555200002,8,0E-8
1765584000001,8,0E-8
1765612800006,8,0E-8
1765641600000,8,0.00006184
1765670400000,8,0.00003637
1765699200003,8,0E-8
1765728000005,8,0.00001561
1765756800000,8,0E-8
1765785600000,8,0E-8
1765814400000,8,0E-8
1765843200002,8,0E-8
1765872000000,8,0E-8
1765900800002,8,0E-8
1765929600004,8,0E-8
1765958400000,8,0E-8
1765987200000,8,0E-8
1766016000005,8,0E-8
1766044800007,8,0E-8
1766073600001,8,0E-8
1766102400000,8,0E-8
1766131200001,8,0E-8
1766160000000,8,0E-8
1766188800005,8,0.00006564
1766217600000,8,0.00004864
1766246400002,8,0.00005854
1766275200000,8,0.00001097
1766304000009,8,0E-8
1766332800000,8,0.00000540
1766361600000,8,0.00001576
1766390400005,8,0E-8
1766419200009,8,0.00008095
1766448000000,8,0.00001888
1766476800000,8,0E-8
1766505600001,8,0E-8
1766534400001,8,0E-8
1766563200001,8,0E-8
1766592000000,8,0E-8
1766620800000,8,0E-8
1766649600001,8,0E-8
1766678400005,8,0E-8
1766707200004,8,0E-8
1766736000001,8,0E-8
1766764800007,8,0E-8
1766793600000,8,0E-8
1766822400000,8,0E-8
1766851200011,8,0.00004901
1766880000008,8,0.00004480
1766908800000,8,0.00001940
1766937600000,8,0.00010964
1766966400016,8,0.00011598
1766995200001,8,0E-8
1767024000000,8,0E-8
1767052800005,8,0E-8
1767081600001,8,0E-8
1767110400003,8,0.00002050
1767139200004,8,0.00007039
1767168000001,8,0E-8
1767196800001,8,0.00007346
1767225600008,8,0.00006523
1767254400002,8,0.00007071
1767283200001,8,0E-8
1767312000006,8,0E-8
1767340800007,8,0E-8
1767369600000,8,0.00005392
1767398400001,8,0.00010055
1767427200000,8,0.00003998
1767456000000,8,0E-8
1767484800000,8,0.00002126
1767513600000,8,0.00004640
1767542400001,8,0.00010041
1767571200000,8,0.00010532
1767600000000,8,0.00000850
1767628800000,8,0.00005953
1767657600010,8,0.00010224
1767686400000,8,0E-8
1767715200000,8,0.00005142
1767744000001,8,0.00004136
1767772800001,8,0.00006570
1767801600001,8,0.00000329
1767830400001,8,0.00004555
1767859200000,8,0E-8
1767888000000,8,0E-8
1767916800003,8,0E-8
1767945600000,8,0E-8
1767974400001,8,0E-8
1768003200000,8,0.00001141
1768032000002,8,0.00012634
1768060800001,8,0.00000512
1768089600003,8,0.00013400
1768118400006,8,0.00009446
1768147200000,8,0.00003344
1768176000005,8,0E-8
1768204800000,8,0E-8
1768233600000,8,7.6E-7
1768262400007,8,0.00008828
1768291200009,8,0.00004761
1768320000002,8,0.00013880
1768348800000,8,0.00014578
1768377600001,8,0.00011312
1768406400004,8,0.00005156
1768435200000,8,0.00011014
1768464000004,8,0.00000444
1768492800002,8,0.00004633
1768521600000,8,0E-8
1768550400000,8,0E-8
1768579200001,8,0E-8
1768608000000,8,0E-8
1768636800000,8,0E-8
1768665600002,8,0E-8
1768694400001,8,0.00004767
1768723200000,8,0E-8
1768752000000,8,0E-8
1768780800007,8,0E-8
1768809600007,8,0E-8
1768838400007,8,0E-8
1768867200005,8,0.00001336
1768896000001,8,0E-8
1768924800009,8,0E-8
1768953600001,8,0E-8
1768982400011,8,0E-8
1769011200011,8,0E-8
1769040000010,8,0E-8
1769068800003,8,0E-8
1769097600005,8,0E-8
1769126400005,8,0E-8
1769155200000,8,0E-8
1769184000011,8,0.00001487
1769212800011,8,0.00004664
1769241600002,8,0E-8
1769270400001,8,0E-8
1769299200002,8,0E-8
1769328000011,8,0.00003686
1769356800005,8,0E-8
1769385600000,8,0E-8
1769414400003,8,0.00001338
1769443200000,8,0.00005329
1769472000002,8,0.00004882
1769500800000,8,0E-8
1769529600000,8,0.00006294
1769558400000,8,0.00007193
1769587200000,8,0.00002537
1769616000000,8,0E-8
1769644800000,8,0.00003327
1769673600009,8,0.00003639
1769702400000,8,0.00002280
1769731200008,8,0E-8
1769760000000,8,0E-8
1769788800001,8,0E-8
1769817600000,8,0E-8
1769846400001,8,0E-8
1769875200009,8,0E-8
1769904000001,8,0E-8
1769932800004,8,0E-8
1769961600000,8,0E-8
1769990400000,8,0E-8
1770019200014,8,0E-8
1770048000000,8,0E-8
1770076800000,8,0E-8
1770105600007,8,0E-8
1770134400000,8,0E-8
1770163200002,8,0E-8
1770192000007,8,0E-8
1770220800000,8,0E-8
1770249600011,8,0E-8
1770278400000,8,0E-8
1770307200007,8,0E-8
1770336000000,8,0.00001730
1770364800001,8,0E-8
1770393600000,8,0E-8
1770422400003,8,0E-8
1770451200000,8,0E-8
1770480000010,8,0E-8
1770508800003,8,0E-8
1770537600000,8,0E-8
1770566400000,8,0E-8
1770595200002,8,0E-8
1770624000001,8,0E-8
1770652800007,8,0E-8
1770681600000,8,0E-8
1770710400007,8,0E-8
1770739200000,8,0E-8
1770768000000,8,0E-8
1770796800006,8,0E-8
1770825600000,8,0E-8
1770854400000,8,0E-8
1770883200001,8,0E-8
1770912000001,8,0E-8
1770940800007,8,0E-8
1770969600003,8,0E-8
1770998400005,8,0E-8
1771027200002,8,0E-8
1771056000004,8,0E-8
1771084800002,8,0E-8
1771113600000,8,0E-8
1771142400002,8,0E-8
1771171200000,8,0E-8
1771200000001,8,0E-8
1771228800003,8,0E-8
1771257600000,8,0E-8
1771286400008,8,0E-8
1771315200001,8,0E-8
1771344000002,8,0E-8
1771372800000,8,0E-8
1771401600000,8,0E-8
1771430400011,8,0E-8
1771459200013,8,0E-8
1771488000000,8,0E-8
1771516800003,8,-0.00007139
1771545600000,8,0E-8
1771574400000,8,0E-8
1771603200000,8,0E-8
1771632000004,8,0E-8
1771660800000,8,0E-8
1771689600005,8,0E-8
1771718400001,8,0E-8
1771747200004,8,0E-8
1771776000000,8,0E-8
1771804800001,8,0E-8
1771833600000,8,0E-8
1771862400000,8,0E-8
1771891200007,8,0E-8
1771920000000,8,0E-8
1771948800001,8,0E-8
1771977600001,8,0E-8
1772006400007,8,0E-8
1772035200000,8,0E-8
1772064000000,8,0E-8
1772092800006,8,0E-8
1772121600002,8,0E-8
1772150400007,8,0E-8
1772179200000,8,0E-8
1772208000001,8,0E-8
1772236800000,8,0E-8
1772265600000,8,0E-8
1772294400004,8,0E-8
1772323200005,8,0E-8
1772352000000,8,0E-8
1772380800002,8,0E-8
1772409600001,8,0E-8
1772438400007,8,0E-8
1772467200000,8,0E-8
1772496000000,8,0E-8
1772524800000,8,0E-8
1772553600007,8,0E-8
1772582400001,8,0E-8
1772611200005,8,0E-8
1772640000000,8,0E-8
1772668800000,8,0E-8
1772697600000,8,0E-8
1772726400004,8,0E-8
1772755200001,8,0E-8
1772784000001,8,0E-8
1772812800004,8,0E-8
1772841600001,8,0E-8
1772870400012,8,0E-8
1772899200001,8,0E-8
1772928000001,8,0E-8
1772956800000,8,0E-8
1772985600002,8,0E-8
1773014400000,8,0E-8
1773043200004,8,0E-8
1773072000003,8,0E-8
1773100800012,8,0E-8
1773129600002,8,0E-8
1773158400001,8,0E-8
1773187200000,8,0E-8
1773216000007,8,0E-8
1773244800010,8,0E-8
1773273600000,8,0E-8
1773302400000,8,0E-8
1773331200000,8,0E-8
1773360000006,8,0E-8
1773388800001,8,0E-8
1773417600000,8,0E-8
1773446400001,8,0E-8
1773475200000,8,0E-8
1773504000007,8,0E-8
1773532800000,8,0E-8
1773561600000,8,0E-8
1773590400000,8,0E-8
1773619200000,8,0E-8
1773648000010,8,0E-8
1773676800000,8,0E-8
1773705600000,8,0E-8
1773734400002,8,0E-8
1773763200011,8,0E-8
1773792000002,8,0E-8
1773820800002,8,0E-8
1773849600005,8,0E-8
1773878400000,8,-0.00005147
1773907200003,8,-0.00005010
1773936000003,8,0E-8
1773964800002,8,0E-8
1773993600000,8,-0.00012728
1774022400000,8,0E-8
1774051200000,8,0E-8
1774080000000,8,0E-8
1774108800014,8,0E-8
1774137600012,8,0E-8
1774166400007,8,0E-8
1774195200002,8,-0.00007288
1774224000000,8,-0.00004454
1774252800003,8,0E-8
1774281600002,8,0E-8
1774310400000,8,0E-8
1774339200000,8,0E-8
1774368000003,8,0E-8
1774396800000,8,0E-8
1774425600000,8,0E-8
1774454400013,8,0E-8
1774483200001,8,0E-8
1774512000001,8,0E-8
1774540800000,8,0E-8
1774569600006,8,0E-8
1774598400000,8,0E-8
1774627200000,8,-0.00002719
1774656000005,8,0E-8
1774684800005,8,0E-8
1774713600000,8,0E-8
1774742400003,8,0E-8
1774771200001,8,0E-8
1774800000000,8,0E-8
1774828800000,8,0E-8
1774857600005,8,0E-8
1774886400000,8,0E-8
1774915200000,8,0E-8
1774944000000,8,0E-8
1774972800000,8,0E-8
1775001600000,8,0E-8
1775030400000,8,0.00004798
1775059200000,8,0.00003638
1775088000003,8,0.00000743
1775116800001,8,0E-8
1775145600001,8,0E-8
1775174400000,8,0E-8
1775203200008,8,0E-8
1775232000008,8,0E-8
1775260800000,8,0E-8
1775289600003,8,0E-8
1775318400000,8,0E-8
1775347200008,8,0E-8
1775376000000,8,0E-8
1775404800001,8,0E-8
1775433600004,8,0E-8
1775462400001,8,0E-8
1775491200003,8,0.00003249
1775520000000,8,0.00000457
1775548800000,8,0E-8
1775577600000,8,0E-8
1775606400000,8,0.00010441
1775635200000,8,0.00005151
1775664000006,8,0.00004108
1775692800000,8,0.00002561
1775721600010,8,1.1E-7
1775750400001,8,0.00003305
1775779200000,8,0.00005621
1775808000005,8,0E-8
1775836800000,8,0E-8
1775865600000,8,0.00009157
1775894400000,8,0E-8
1775923200003,8,0.00000154
1775952000000,8,0.00006577
1775980800000,8,0E-8
1776009600000,8,0E-8
1776038400011,8,0E-8
1776067200006,8,0E-8
1776096000000,8,0E-8
1776124800005,8,0.00015422
1776153600003,8,0.00005862
1776182400001,8,0.00003028
1776211200000,8,0.00003773
1776240000000,8,0E-8
1776268800000,8,0.00004407
1776297600013,8,0.00010905
1776326400000,8,0E-8
1776355200000,8,0E-8
1776384000001,8,0.00009789
1776412800011,8,0.00000234
1776441600001,8,0E-8
1776470400001,8,0.00001541
1776499200006,8,0.00000138
1776528000000,8,0E-8
1776556800002,8,0.00001261
1776585600010,8,0E-8
1776614400001,8,0E-8
1776643200000,8,0E-8
1776672000000,8,0.00003601
1776700800001,8,0.00001888
1776729600000,8,0.00005462
1776758400004,8,0E-8
1776787200004,8,0E-8
1776816000004,8,0E-8
1776844800000,8,0.00005781
1776873600000,8,0.00007639
1776902400000,8,0.00001259
1776931200000,8,0E-8
1776960000004,8,0E-8
1776988800006,8,0.00003278
1777017600000,8,0E-8
1777046400000,8,0.00007341
1777075200000,8,0.00003157
1777104000002,8,0E-8
1777132800002,8,0E-8
1777161600003,8,0E-8
1777190400007,8,0.00003265
1777219200004,8,0.00000626
1777248000004,8,0.00002096
1777276800000,8,0E-8
1777305600002,8,0E-8
1777334400001,8,0E-8
1777363200000,8,0E-8
1777392000004,8,0.00004102
1777420800006,8,0.00004604
1777449600011,8,0E-8
1777478400003,8,0E-8
1777507200002,8,0E-8
1777536000000,8,0E-8
1777564800000,8,0.00000697
1777593600000,8,0.00001441
1777622400005,8,0E-8
1777651200000,8,0.00001996
1777680000006,8,0.00006706
1777708800000,8,0E-8
1777737600010,8,0.00000450
1777766400005,8,0.00002275
1777795200003,8,0E-8
1777824000000,8,0.00005316
1777852800000,8,0.00001607
1777881600000,8,0.00011312
1777910400003,8,0.00002752
1777939200000,8,0.00005378
1777968000011,8,0.00003103
1777996800000,8,0.00010704
1778025600010,8,0.00011317
1778054400000,8,0.00001521
1778083200002,8,0.00009460
1778112000000,8,0.00009945
1778140800000,8,0.00004520
1778169600004,8,0.00005902
1778198400003,8,0.00000891
1778227200002,8,0E-8
1778256000003,8,0E-8
1778284800000,8,0.00002196
1778313600001,8,0.00010676
1778342400002,8,0.00007448
1778371200003,8,0.00002289
1778400000000,8,0.00000311
1778428800000,8,0.00007970
1778457600000,8,0.00009230
1778486400000,8,0.00000828
1778515200000,8,0E-8
1778544000002,8,0.00006651
1778572800008,8,0E-8
1778601600000,8,0.00015663
1778630400010,8,0.00012970
1778659200003,8,0.00006636
1778688000001,8,0E-8
1778716800005,8,0E-8
1778745600000,8,0E-8
1778774400000,8,0E-8
1778803200000,8,0.00012416
1778832000016,8,0E-8
1778860800012,8,0E-8
1778889600005,8,0E-8
1778918400000,8,0E-8
1778947200005,8,0E-8
1778976000000,8,0E-8
1779004800010,8,0.00003265
1779033600009,8,0E-8
1779062400007,8,0E-8
1779091200002,8,0.00004297
1779120000007,8,0E-8
1779148800001,8,0E-8
1779177600001,8,0E-8
1779206400009,8,0.00001483
1779235200001,8,0.00007620
1779264000006,8,0.00000889
1779292800000,8,0.00006240
1779321600001,8,0.00002383
1779350400000,8,0.00008131
1779379200000,8,0.00005686
1779408000000,8,0.00004007
1779436800004,8,0.00002067
1779465600001,8,0E-8
1779494400009,8,0.00000214
1779523200001,8,0E-8
1779552000003,8,0E-8
1779580800011,8,0.00004985
1779609600008,8,0.00004422
1779638400000,8,0.00009400
1779667200001,8,0E-8
1779696000001,8,0.00006740
1779724800001,8,0.00004621
1779753600000,8,0.00005354
1779782400003,8,0E-8
1779811200000,8,0.00002838
1779840000000,8,0.00003134
1779868800004,8,0.00007440
1779897600009,8,0.00006759
1779926400001,8,0.00005788
1779955200000,8,0E-8
1779984000001,8,0E-8
1780012800000,8,0.00007032
1780041600001,8,0E-8
1780070400008,8,0.00000910
1780099200000,8,0.00003792
1780128000001,8,0.00010904
1780156800000,8,0.00011873
1780185600000,8,0E-8
1780214400000,8,0E-8
1780243200004,8,0.00000115
1780272000001,8,0E-8
1780300800001,8,0.00009172
1780329600000,8,0E-8
1780358400000,8,0E-8
1780387200000,8,0.00003806
1780416000000,8,0.00012850
1780444800013,8,0.00003437
1780473600000,8,0.00006088
1780502400001,8,0.00003580
1780531200009,8,0E-8
1780560000000,8,0.00005166
1780588800003,8,0E-8
1780617600000,8,0E-8
1780646400004,8,0E-8
1780675200009,8,0.00004098
1780704000000,8,0.00006864
1780732800000,8,0E-8
1780761600000,8,0E-8
1780790400001,8,0E-8
1780819200000,8,0E-8
1780848000000,8,0E-8
1780876800000,8,0E-8
1780905600005,8,0E-8
1780934400004,8,0E-8
1780963200000,8,0E-8
1780992000000,8,0E-8
1781020800001,8,0E-8
1781049600001,8,0.00000860
1781078400011,8,0E-8
1781107200009,8,0E-8
1781136000000,8,0E-8
1781164800004,8,0E-8
1781193600000,8,0.00004668
1781222400000,8,0.00002744
1781251200000,8,0E-8
1781280000000,8,0.00006548
1781308800000,8,0E-8
1781337600007,8,0E-8
1781366400002,8,0.00004204
1781395200005,8,0E-8
1781424000009,8,0E-8
1781452800000,8,0E-8
1781481600013,8,0E-8
1781510400013,8,0.00005384
1781539200004,8,0.00001223
1781568000000,8,0E-8
1781596800000,8,0E-8
1781625600001,8,0E-8
1781654400012,8,0.00003807
1781683200000,8,0.00005440
1781712000000,8,0.00005276
1781740800002,8,0.00005822
1781769600000,8,0E-8
1781798400001,8,0E-8
1781827200005,8,0E-8
1781856000001,8,0E-8
1781884800001,8,0E-8
1781913600001,8,0E-8
1781942400000,8,0.00001830
1781971200001,8,0.00004245
1782000000000,8,0E-8
1782028800000,8,0E-8
1782057600000,8,0.00005515
1782086400000,8,0E-8
1782115200000,8,0E-8
1782144000002,8,0E-8
1782172800003,8,0E-8
1782201600005,8,0E-8
1782230400002,8,0E-8
1782259200005,8,0E-8
1782288000005,8,0E-8
1782316800003,8,0E-8
1782345600000,8,0E-8
1782374400000,8,0E-8
1782403200000,8,0E-8
1782432000010,8,0E-8
1782460800002,8,0E-8
1782489600000,8,0E-8
1782518400000,8,0.00006039
1782547200000,8,0.00004127
1782576000009,8,0.00006890
1782604800000,8,0E-8
1782633600013,8,0E-8
1782662400000,8,0E-8
1782691200006,8,0E-8
1782720000013,8,0.00000652
1782748800004,8,0.00001584
1782777600000,8,0.00004028
1782806400000,8,0E-8
1782835200005,8,0E-8
1782864000000,8,0.00008374
1782892800000,8,0.00001081
1782921600000,8,0E-8
1782950400000,8,0.00005254
1782979200000,8,0.00004503
1783008000000,8,0.00010499
1783036800000,8,0.00004190
1783065600007,8,0.00005653
1783094400000,8,0.00012910
1783123200000,8,0.00019594
1783152000000,8,0.00012176
1783180800007,8,0.00010833
1783209600003,8,0.00004393
1783238400001,8,0.00003193
1783267200000,8,0.00007046
1783296000000,8,0.00004905
1783324800000,8,0.00002640
1783353600000,8,0.00000735
1783382400000,8,0.00002595
1783411200000,8,0E-8
1783440000000,8,0.00001872
1783468800000,8,0.00004957
1783497600000,8,0.00001075
1783526400000,8,0E-8
1783555200000,8,0.00003204
1783584000001,8,0.00008613
1783612800001,8,0.00012025
1783641600000,8,0.00007403
1783670400005,8,0.00011748
1783699200005,8,0.00011027
1783728000000,8,0.00009961
1783756800000,8,0.00005645
1783785600000,8,0.00007755
1783814400000,8,0.00008350
1783843200003,8,0E-8
1783872000000,8,0.00011818
1783900800000,8,0.00004761
1783929600001,8,0.00000162
1783958400004,8,0.00003773
1783987200000,8,0E-8
1784016000002,8,0.00003843
1784044800001,8,0.00009807
1784073600005,8,0.00012457
1784102400002,8,0.00013454
1784131200000,8,0.00008756
1784160000000,8,0.00014088
1784188800003,8,0.00009816
1784217600002,8,0.00011070
1784246400000,8,0.00006363
1784275200010,8,0.00002252
1784304000004,8,0E-8
1784332800000,8,0E-8
1784361600000,8,0.00002518
1784390400001,8,0.00009856
1784419200003,8,0.00006925
1784448000000,8,0.00002070
1784476800001,8,0.00006631
1784505600000,8,0.00000243
1784534400001,8,0E-8
1784563200004,8,0.00008469
1784592000001,8,0.00006225
1784620800000,8,0.00009386
1784649600002,8,0.00011917
1784678400000,8,0.00015287
1784707200000,8,0.00006610
1784736000001,8,0.00010491
1784764800000,8,0.00005785
1784793600000,8,0E-8
1784822400000,8,0.00003257
1784851200000,8,0.00001896
1784880000000,8,0E-8
1784908800008,8,0E-8
1784937600002,8,0.00000923
1784966400000,8,0.00005581
1784995200000,8,0.00003563
1785024000000,8,0.00006601
1785052800002,8,0.00010218
1785081600000,8,0.00010676
1785110400010,8,0.00006721
1785139200000,8,0E-8
1785168000001,8,0E-8
1785196800000,8,0.00002237
1785225600000,8,0E-8
1785254400000,8,0.00007903
1785283200000,8,0.00002957
1785312000002,8,0.00003688
1785340800000,8,0.00001878
1785369600000,8,0.00006905
1785398400000,8,0.00005247
1785427200000,8,0.00010660
1785456000003,8,0.00005150
1785484800000,8,0.00002909
1785513600000,8,0.00005473
1785542400001,8,0.00001396
1785571200000,8,0.00005477
1785600000000,8,0.00009812
1785628800000,8,0.00006616
1785657600000,8,0.00006611
1785686400000,8,0.00008510
1785715200000,8,0.00015493
1785744000000,8,0.00005941
1785772800000,8,0.00009800
1785801600004,8,0.00011987
1785830400002,8,0.00002499
1785859200000,8,0.00003091
1785888000003,8,0.00000817
1785916800004,8,0.00002061
1785945600000,8,0.00001565
1785974400002,8,0E-8
1786003200000,8,0E-8
1786032000000,8,0E-8
1786060800000,8,0E-8
1786089600000,8,0E-8
1786118400000,8,0.00002042
1786147200001,8,0.00002913
1786176000000,8,0.00006062
1786204800002,8,0.00008649
1786233600000,8,0.00003867
1786262400005,8,0.00002556
1786291200000,8,0.00011833
1786320000001,8,0.00011836
1786348800005,8,0.00004224
1786377600000,8,0.00010793
1786406400000,8,0.00007867
1786435200006,8,0.00006203
1786464000000,8,0.00008918
1786492800001,8,0.00001080
1786521600000,8,0.00007907
1786550400000,8,0E-8
1786579200000,8,0E-8
1786608000000,8,0E-8
1786636800000,8,0E-8
1786665600000,8,0E-8
1786694400001,8,0E-8
1786723200001,8,0E-8
1786752000003,8,0E-8
1786780800002,8,0.00004271
1786809600000,8,0E-8
1786838400000,8,0.00000129
1786867200002,8,0E-8
1786896000000,8,0E-8
1786924800001,8,0E-8
1786953600003,8,0E-8
1786982400005,8,0.00001602
1787011200006,8,0.00004724
1787040000001,8,0.00001077
1787068800003,8,0.00000560
1787097600000,8,0.00002362
1787126400000,8,0.00002314
1787155200004,8,0.00002929
1787184000001,8,0.00021922
1787212800000,8,0.00006818
1787241600005,8,0E-8
1787270400004,8,0.00015178
1787299200000,8,0.00002448
1787328000001,8,0.00021317
1787356800000,8,0.00023005
1787385600000,8,0.00032423
1787414400000,8,0.00018909
1787443200000,8,0.00020804
1787472000000,8,0.00015530
1787500800006,8,0E-8
1787529600001,8,0.00009681
1787558400002,8,0.00000134
1787587200000,8,0.00002642
1787616000001,8,0E-8
1787644800000,8,0.00007358
1787673600005,8,0E-8
1787702400000,8,0E-8
1787731200005,8,0E-8
1787760000000,8,0.00001995
1787788800000,8,0.00008233
1787817600000,8,0.00001213
1787846400013,8,0.00004706
1787875200026,8,0E-8
1787904000000,8,0.00002180
1787932800001,8,0E-8
1787961600000,8,0E-8
1787990400000,8,0E-8
1788019200002,8,0E-8
1788048000000,8,0E-8
1788076800000,8,0.00003789
1788105600001,8,0E-8
1788134400002,8,8.8E-7
1788163200002,8,0E-8
1788192000001,8,0E-8
