1709251200000,8,0.00053322
1709280000000,8,0.00064824
1709308800000,8,0.00046010
1709337600000,8,0.00033426
1709366400001,8,0.00057174
1709395200000,8,0.00056396
1709424000000,8,0.00046267
1709452800000,8,0.00042989
1709481600000,8,0.00044598
1709510400000,8,0.00055071
1709539200000,8,0.00046833
1709568000000,8,0.00063620
1709596800000,8,0.00048960
1709625600000,8,0.00082969
1709654400000,8,0.00088148
1709683200000,8,0.00036280
1709712000001,8,0.00033876
1709740800000,8,0.00049354
1709769600000,8,0.00030311
1709798400000,8,0.00040984
1709827200000,8,0.00054217
1709856000000,8,0.00034819
1709884800000,8,0.00043497
1709913600000,8,0.00062913
1709942400000,8,0.00019134
1709971200001,8,0.00031281
1710000000000,8,0.00026407
1710028800000,8,0.00031010
1710057600000,8,0.00063451
1710086400000,8,0.00054479
1710115200000,8,0.00035489
1710144000000,8,0.00078428
1710172800000,8,0.00066396
1710201600000,8,0.00044470
1710230400000,8,0.00045300
1710259200000,8,0.00047935
1710288000000,8,0.00033224
1710316800001,8,0.00064420
1710345600000,8,0.00045402
1710374400001,8,0.00024393
1710403200000,8,0.00038753
1710432000000,8,0.00038258
1710460800000,8,0.00038515
1710489600000,8,0.00014328
1710518400000,8,0.00015306
1710547200000,8,0.00010000
1710576000000,8,0.00023202
1710604800000,8,0.00020813
1710633600000,8,0.00013089
1710662400000,8,0.00017773
1710691200000,8,0.00024827
1710720000000,8,0.00020181
1710748800000,8,0.00030597
1710777600001,8,0.00027195
1710806400000,8,0.00026923
1710835200000,8,0.00029065
1710864000001,8,0.00024018
1710892800000,8,0.00015847
1710921600004,8,0.00018388
1710950400000,8,0.00010000
1710979200000,8,0.00010403
1711008000000,8,0.00019304
1711036800000,8,0.00019510
1711065600000,8,0.00016271
1711094400000,8,0.00010000
1711123200000,8,0.00011993
1711152000000,8,0.00010000
1711180800000,8,0.00010000
1711209600000,8,0.00010806
1711238400000,8,0.00010351
1711267200000,8,0.00014616
1711296000000,8,0.00015884
1711324800000,8,0.00025549
1711353600001,8,0.00016324
1711382400000,8,0.00028815
1711411200000,8,0.00021963
1711440000000,8,0.00018348
1711468800000,8,0.00026764
1711497600000,8,0.00028757
1711526400001,8,0.00029551
1711555200000,8,0.00043631
1711584000000,8,0.00024195
1711612800000,8,0.00029899
1711641600000,8,0.00029430
1711670400000,8,0.00018250
1711699200000,8,0.00025456
1711728000000,8,0.00030170
1711756800000,8,0.00019624
1711785600000,8,0.00032267
1711814400000,8,0.00034360
1711843200000,8,0.00032351
1711872000000,8,0.00039889
1711900800001,8,0.00040301
1711929600000,8,0.00070161
1711958400000,8,0.00033491
1711987200000,8,0.00027469
1712016000007,8,0.00010926
1712044800015,8,0.00010000
1712073600000,8,0.00016456
1712102400000,8,0.00010000
1712131200000,8,0.00010000
1712160000000,8,0.00010000
1712188800000,8,0.00010000
1712217600000,8,0.00010000
1712246400000,8,0.00010000
1712275200000,8,0.00010000
1712304000000,8,0.00010000
1712332800000,8,0.00010000
1712361600000,8,0.00010000
1712390400000,8,0.00010000
1712419200000,8,0.00010000
1712448000000,8,0.00010000
1712476800000,8,0.00010000
1712505600000,8,0.00010000
1712534400001,8,0.00010000
1712563200000,8,0.00010000
1712592000006,8,0.00035189
1712620800000,8,0.00020915
1712649600001,8,0.00020603
1712678400001,8,0.00019061
1712707200000,8,0.00011929
1712736000001,8,0.00012457
1712764800000,8,0.00010000
1712793600000,8,0.00013979
1712822400000,8,0.00020153
1712851200000,8,0.00019763
1712880000000,8,0.00011258
1712908800001,8,0.00025630
1712937600000,8,0.00012214
1712966400000,8,0.00010000
1712995200000,8,0.00010000
1713024000001,8,0.00010000
1713052800000,8,0.00010000
1713081600000,8,0.00010000
1713110400000,8,0.00010000
1713139200000,8,0.00010000
1713168000001,8,0.00001759
1713196800000,8,0.00010000
1713225600001,8,0.00005953
1713254400000,8,0.00009525
1713283200000,8,0.00003513
1713312000000,8,0.00006375
1713340800000,8,0.00003574
1713369600000,8,0.00006534
1713398400000,8,0.00006937
1713427200000,8,0.00005982
1713456000000,8,-0.00003334
1713484800001,8,-0.00003120
1713513600000,8,0.00006641
1713542400000,8,0.00005880
1713571200000,8,0.00010000
1713600000000,8,-0.00000766
1713628800000,8,0.00004204
1713657600000,8,0.00003186
1713686400000,8,-0.00002093
1713715200000,8,0.00008271
1713744000000,8,0.00004409
1713772800000,8,0.00002497
1713801600000,8,0.00000898
1713830400000,8,-0.00001236
1713859200000,8,0.00005240
1713888000001,8,-0.00001083
1713916800000,8,0.00001413
1713945600000,8,0.00005302
1713974400000,8,0.00007047
1714003200000,8,0.00007020
1714032000000,8,0.00004069
1714060800010,8,0.00001140
1714089600001,8,0.00001709
1714118400000,8,0.00000685
1714147200000,8,0.00005562
1714176000000,8,0.00010000
1714204800001,8,0.00007470
1714233600000,8,0.00002834
1714262400000,8,0.00001006
1714291200000,8,-0.00002081
1714320000000,8,0.00002782
1714348800000,8,0.00002472
1714377600000,8,0.00005544
1714406400000,8,0.00006828
1714435200000,8,0.00009740
1714464000000,8,0.00009154
1714492800000,8,0.00010000
1714521600000,8,0.00010000
1714550400000,8,0.00008946
1714579200000,8,0.00009902
1714608000000,8,0.00006634
1714636800000,8,0.00006169
1714665600002,8,-0.00000123
1714694400000,8,-0.00001549
1714723200000,8,-0.00003764
1714752000000,8,0.00008091
1714780800000,8,0.00002703
1714809600000,8,0.00007455
1714838400000,8,0.00006265
1714867200000,8,0.00006906
1714896000000,8,0.00000647
1714924800000,8,0.00003893
1714953600000,8,0.00000602
1714982400000,8,-0.00001031
1715011200000,8,0.00007746
1715040000000,8,0.00006064
1715068800000,8,0.00001581
1715097600000,8,0.00009028
1715126400000,8,0.00004891
1715155200000,8,0.00005553
1715184000000,8,0.00009292
1715212800000,8,0.00005648
1715241600000,8,0.00003315
1715270400000,8,0.00007253
1715299200000,8,0.00001026
1715328000000,8,0.00005934
1715356800000,8,0.00007653
1715385600000,8,0.00008881
1715414400000,8,0.00003771
1715443200000,8,0.00005067
1715472000000,8,0.00002604
1715500800000,8,0.00002830
1715529600000,8,0.00010000
1715558400001,8,0.00010000
1715587200001,8,0.00008469
1715616000000,8,0.00009151
1715644800000,8,0.00009866
1715673600000,8,0.00010000
1715702400000,8,0.00004392
1715731200000,8,0.00010000
1715760000000,8,-0.00000385
1715788800000,8,0.00002373
1715817600004,8,0.00002103
1715846400000,8,0.00005148
1715875200000,8,0.00003543
1715904000000,8,0.00004647
1715932800000,8,0.00000815
1715961600000,8,-0.00000298
1715990400000,8,0.00000628
1716019200000,8,0.00008012
1716048000000,8,-0.00000792
1716076800000,8,0.00003339
1716105600000,8,0.00005210
1716134400000,8,0.00004779
1716163200000,8,0.00005607
1716192000000,8,0.00002479
1716220800003,8,0.00002552
1716249600000,8,0.00010000
1716278400001,8,0.00010517
1716307200000,8,0.00010000
1716336000000,8,0.00010000
1716364800000,8,0.00015759
1716393600000,8,0.00010000
1716422400000,8,0.00010000
1716451200000,8,0.00010000
1716480000000,8,0.00010000
1716508800000,8,0.00010000
1716537600000,8,0.00010000
1716566400000,8,0.00010000
1716595200000,8,0.00010000
1716624000000,8,0.00010000
1716652800000,8,0.00010000
1716681600000,8,0.00010000
1716710400000,8,0.00010000
1716739200000,8,0.00010000
1716768000000,8,0.00010000
1716796800000,8,0.00010000
1716825600000,8,0.00010000
1716854400000,8,0.00010000
1716883200000,8,0.00010000
1716912000000,8,0.00010000
1716940800001,8,0.00010000
1716969600000,8,0.00010000
1716998400000,8,0.00012558
1717027200000,8,0.00010000
1717056000000,8,0.00010000
1717084800000,8,0.00010000
1717113600000,8,0.00014599
1717142400000,8,0.00012268
1717171200000,8,0.00010000
1717200000000,8,0.00010000
1717228800000,8,0.00010000
1717257600001,8,0.00010250
1717286400000,8,0.00010000
1717315200000,8,0.00010000
1717344000000,8,0.00010000
1717372800000,8,0.00010000
1717401600000,8,0.00014135
1717430400000,8,0.00010000
1717459200000,8,0.00012008
1717488000000,8,0.00010000
1717516800000,8,0.00010000
1717545600000,8,0.00010000
1717574400000,8,0.00016387
1717603200000,8,0.00013226
1717632000000,8,0.00010000
1717660800008,8,0.00010438
1717689600000,8,0.00011770
1717718400000,8,0.00010000
1717747200000,8,0.00010000
1717776000000,8,0.00010166
1717804800000,8,0.00010000
1717833600000,8,0.00010000
1717862400000,8,0.00010000
1717891200000,8,0.00010000
1717920000000,8,0.00010000
1717948800001,8,0.00010000
1717977600000,8,0.00010000
1718006400000,8,0.00010000
1718035200001,8,0.00010000
1718064000001,8,0.00010000
1718092800000,8,0.00010000
1718121600000,8,0.00010000
1718150400000,8,0.00010000
1718179200000,8,0.00010000
1718208000000,8,0.00010000
1718236800000,8,0.00010000
1718265600001,8,0.00010000
1718294400000,8,0.00010000
1718323200000,8,0.00010000
1718352000000,8,0.00010000
1718380800000,8,0.00010000
1718409600000,8,0.00010000
1718438400000,8,0.00010000
1718467200000,8,0.00010000
1718496000001,8,0.00010000
1718524800000,8,0.00010000
1718553600000,8,0.00010000
1718582400000,8,0.00010000
1718611200000,8,0.00010000
1718640000000,8,0.00010000
1718668800000,8,0.00010000
1718697600000,8,0.00008236
1718726400000,8,0.00010000
1718755200001,8,0.00010000
1718784000001,8,0.00004127
1718812800000,8,0.00002967
1718841600000,8,0.00003934
1718870400000,8,0.00005953
1718899200000,8,0.00006879
1718928000000,8,0.00003344
1718956800000,8,0.00007328
1718985600000,8,0.00010000
1719014400000,8,0.00010000
1719043200000,8,0.00004146
1719072000000,8,0.00010000
1719100800000,8,0.00010000
1719129600000,8,0.00002307
1719158400000,8,0.00004676
1719187200002,8,0.00009534
1719216000000,8,0.00010000
1719244800000,8,0.00007488
1719273600000,8,0.00007447
1719302400000,8,0.00005949
1719331200000,8,0.00007752
1719360000002,8,0.00010000
1719388800000,8,0.00010000
1719417600000,8,0.00010000
1719446400000,8,0.00010000
1719475200001,8,0.00010000
1719504000000,8,0.00010000
1719532800000,8,0.00010000
1719561600000,8,0.00010000
1719590400000,8,0.00010000
1719619200001,8,0.00010000
1719648000000,8,0.00010000
1719676800000,8,0.00010000
1719705600000,8,0.00010000
1719734400000,8,0.00010000
1719763200000,8,0.00010000
1719792000000,8,0.00010000
1719820800000,8,0.00010000
1719849600001,8,0.00010000
1719878400000,8,0.00010000
1719907200000,8,0.00010000
1719936000000,8,0.00010000
1719964800000,8,0.00010000
1719993600001,8,0.00010000
1720022400000,8,0.00010000
1720051200000,8,0.00010000
1720080000000,8,0.00010000
1720108800000,8,0.00010000
1720137600000,8,0.00010000
1720166400000,8,0.00010000
1720195200000,8,0.00001762
1720224000000,8,0.00005729
1720252800000,8,0.00007512
1720281600000,8,0.00003250
1720310400001,8,0.00008164
1720339200000,8,0.00010000
1720368000000,8,0.00010000
1720396800000,8,0.00007905
1720425600000,8,0.00008222
1720454400000,8,0.00010000
1720483200000,8,0.00010000
1720512000001,8,0.00000861
1720540800000,8,0.00010000
1720569600000,8,0.00010000
1720598400000,8,0.00009225
1720627200000,8,0.00005485
1720656000002,8,0.00010000
1720684800002,8,0.00010000
1720713600004,8,0.00010000
1720742400000,8,0.00006378
1720771200000,8,0.00003026
1720800000000,8,0.00004037
1720828800000,8,0.00008319
1720857600000,8,0.00006865
1720886400000,8,0.00010000
1720915200000,8,0.00008737
1720944000000,8,0.00003710
1720972800000,8,0.00008342
1721001600000,8,0.00004590
1721030400000,8,0.00003202
1721059200000,8,-0.00000514
1721088000000,8,-0.00005062
1721116800000,8,0.00008814
1721145600000,8,0.00002717
1721174400000,8,-0.00003419
1721203200001,8,0.00001775
1721232000000,8,0.00002143
1721260800000,8,0.00000689
1721289600000,8,0.00001546
1721318400000,8,0.00003127
1721347200000,8,0.00004029
1721376000000,8,0.00004855
1721404800000,8,0.00004606
1721433600001,8,-0.00003077
1721462400000,8,0.00001944
1721491200000,8,0.00001622
1721520000000,8,-0.00005313
1721548800000,8,0.00002194
1721577600000,8,0.00000646
1721606400000,8,0.00009136
1721635200000,8,0.00005953
1721664000000,8,0.00002769
1721692800000,8,0.00004709
1721721600000,8,0.00004310
1721750400000,8,0.00004642
1721779200000,8,0.00010000
1721808000000,8,0.00010000
1721836800000,8,0.00010000
1721865600000,8,0.00010000
1721894400000,8,0.00010000
1721923200000,8,0.00010000
1721952000000,8,0.00010000
1721980800000,8,0.00010000
1722009600000,8,0.00003340
1722038400000,8,0.00006547
1722067200000,8,0.00008022
1722096000000,8,0.00009109
1722124800000,8,0.00008180
1722153600000,8,0.00009177
1722182400001,8,0.00002804
1722211200001,8,0.00008361
1722240000000,8,0.00005623
1722268800001,8,0.00010000
1722297600000,8,0.00003396
1722326400001,8,0.00003562
1722355200000,8,0.00007691
1722384000000,8,0.00003063
1722412800000,8,0.00007178
1722441600000,8,0.00003826
1722470400000,8,0.00008208
1722499200000,8,0.00010000
1722528000000,8,0.00010000
1722556800000,8,0.00010000
1722585600001,8,0.00010000
1722614400000,8,0.00010000
1722643200000,8,0.00010000
1722672000000,8,0.00009788
1722700800001,8,0.00004247
1722729600000,8,0.00010000
1722758400000,8,0.00005343
1722787200000,8,0.00010000
1722816000000,8,0.00010000
1722844800000,8,0.00004429
1722873600000,8,0.00005967
1722902400000,8,0.00003566
1722931200000,8,-0.00002845
1722960000000,8,0.00004485
1722988800000,8,-0.00000730
1723017600001,8,-0.00006859
1723046400000,8,0.00003241
1723075200001,8,0.00002637
1723104000000,8,0.00003086
1723132800000,8,0.00001147
1723161600000,8,0.00004994
1723190400000,8,0.00002184
1723219200000,8,0.00004846
1723248000000,8,-0.00003942
1723276800000,8,-0.00001379
1723305600000,8,-0.00001949
1723334400000,8,0.00004049
1723363200000,8,-0.00001839
1723392000001,8,0.00001185
1723420800000,8,0.00001113
1723449600000,8,0.00008783
1723478400000,8,-0.00002238
1723507200000,8,0.00006140
1723536000000,8,0.00000521
1723564800000,8,-0.00003902
1723593600000,8,0.00001152
1723622400000,8,-0.00001330
1723651200000,8,-0.00007811
1723680000000,8,-0.00008488
1723708800000,8,0.00006339
1723737600000,8,-0.00006181
1723766400000,8,-0.00011235
1723795200000,8,-0.00007387
1723824000000,8,-0.00000557
1723852800000,8,0.00001912
1723881600000,8,0.00004177
1723910400000,8,-0.00000152
1723939200000,8,0.00003966
1723968000000,8,-0.00001323
1723996800000,8,-0.00003149
1724025600000,8,-0.00003616
1724054400000,8,-0.00006750
1724083200002,8,-0.00001957
1724112000000,8,-0.00002656
1724140800000,8,0.00001349
1724169600001,8,0.00001419
1724198400001,8,-0.00006756
1724227200000,8,-0.00000591
1724256000001,8,0.00000396
1724284800000,8,-0.00002229
1724313600000,8,0.00001338
1724342400008,8,-0.00007261
1724371200000,8,-0.00003329
1724400000000,8,0.00002391
1724428800000,8,-0.00004317
1724457600000,8,-0.00000772
1724486400005,8,-0.00000723
1724515200000,8,0.00006395
1724544000000,8,-0.00004806
1724572800000,8,-0.00001531
1724601600000,8,0.00003108
1724630400000,8,0.00002439
1724659200001,8,0.00003448
1724688000000,8,0.00003789
1724716800001,8,0.00002795
1724745600000,8,0.00001751
1724774400000,8,0.00007753
1724803200000,8,-0.00006803
1724832000000,8,0.00002433
1724860800001,8,0.00001143
1724889600000,8,-0.00000976
1724918400001,8,-0.00001644
1724947200000,8,0.00000559
1724976000000,8,0.00000936
1725004800000,8,0.00003578
1725033600000,8,0.00002927
1725062400000,8,-0.00001749
1725091200000,8,0.00003578
1725120000000,8,0.00003800
1725148800000,8,0.00004113
1725177600001,8,-0.00003432
1725206400000,8,-0.00000382
1725235200001,8,-0.00003386
1725264000001,8,0.00000248
1725292800000,8,-0.00000363
1725321600000,8,0.00006245
1725350400001,8,0.00005123
1725379200000,8,0.00004598
1725408000000,8,0.00002209
1725436800000,8,0.00001050
1725465600000,8,-0.00001470
1725494400000,8,0.00009016
1725523200000,8,0.00002025
1725552000005,8,0.00002490
1725580800000,8,0.00002280
1725609600001,8,-1E-8
1725638400000,8,0.00001428
1725667200000,8,-0.00000557
1725696000000,8,-0.00007634
1725724800000,8,-0.00007236
1725753600000,8,0.00003745
1725782400000,8,-0.00005999
1725811200000,8,-0.00005245
1725840000000,8,-0.00007585
1725868800000,8,-0.00007108
1725897600001,8,-0.00003875
1725926400000,8,-0.00006028
1725955200000,8,-0.00002930
1725984000000,8,-0.00001126
1726012800000,8,-0.00008953
1726041600000,8,-0.00002247
1726070400000,8,-0.00005212
1726099200000,8,-0.00001951
1726128000000,8,-0.00000546
1726156800000,8,-0.00002950
1726185600000,8,-6.9E-7
1726214400001,8,-0.00000869
1726243200001,8,-0.00002443
1726272000000,8,-0.00008699
1726300800000,8,0.00000859
1726329600001,8,0.00002326
1726358400000,8,-0.00000491
1726387200000,8,1E-8
1726416000000,8,0.00000402
1726444800000,8,0.00002402
1726473600001,8,0.00003564
1726502400000,8,0.00006762
1726531200001,8,0.00008529
1726560000000,8,0.00001911
1726588800000,8,0.00005327
1726617600000,8,0.00001344
1726646400000,8,0.00001678
1726675200004,8,0.00004648
1726704000000,8,0.00003512
1726732800000,8,0.00002949
1726761600001,8,0.00004072
1726790400000,8,0.00008065
1726819200001,8,-0.00000503
1726848000000,8,0.00005543
1726876800001,8,0.00004638
1726905600000,8,0.00010000
1726934400000,8,0.00008234
1726963200000,8,0.00006285
1726992000000,8,0.00009254
1727020800000,8,0.00005537
1727049600000,8,0.00006546
1727078400000,8,0.00001364
1727107200000,8,0.00005304
1727136000000,8,0.00002324
1727164800000,8,0.00002895
1727193600001,8,-0.00000182
1727222400000,8,0.00001223
1727251200003,8,0.00001141
1727280000000,8,0.00001336
1727308800005,8,0.00001650
1727337600000,8,0.00006246
1727366400000,8,0.00010000
1727395200000,8,0.00010000
1727424000000,8,0.00006722
1727452800000,8,0.00002275
1727481600000,8,0.00005455
1727510400001,8,0.00008300
1727539200000,8,0.00001414
1727568000001,8,0.00000725
1727596800000,8,0.00003128
1727625600000,8,0.00007253
1727654400000,8,0.00003077
1727683200001,8,0.00007939
1727712000000,8,0.00010000
1727740800000,8,0.00010000
1727769600000,8,0.00010000
1727798400001,8,0.00010000
1727827200000,8,0.00006632
1727856000000,8,0.00008409
1727884800000,8,0.00008191
1727913600000,8,0.00004381
1727942400000,8,0.00003746
1727971200000,8,0.00004990
1728000000000,8,0.00007097
1728028800000,8,0.00002119
1728057600001,8,0.00000243
1728086400000,8,-0.00001596
1728115200000,8,0.00001088
1728144000000,8,0.00000861
1728172800000,8,0.00000572
1728201600001,8,0.00003288
1728230400000,8,0.00004180
1728259200000,8,0.00004573
1728288000000,8,-0.00000952
1728316800001,8,0.00002177
1728345600000,8,-0.00001678
1728374400000,8,0.00007094
1728403200000,8,0.00008100
1728432000000,8,0.00010000
1728460800000,8,0.00005138
1728489600000,8,0.00007939
1728518400000,8,0.00002090
1728547200000,8,0.00001532
1728576000000,8,0.00010000
1728604800000,8,0.00002231
1728633600000,8,-0.00001874
1728662400001,8,0.00000120
1728691200000,8,0.00004558
1728720000001,8,0.00007664
1728748800000,8,-0.00001489
1728777600000,8,0.00000693
1728806400000,8,0.00001638
1728835200000,8,0.00003938
1728864000000,8,0.00005429
1728892800000,8,0.00010000
1728921600000,8,0.00010000
1728950400000,8,0.00010000
1728979200000,8,0.00010000
1729008000000,8,0.00010000
1729036800000,8,0.00008325
1729065600001,8,0.00008500
1729094400000,8,0.00010000
1729123200000,8,0.00010000
1729152000000,8,0.00010000
1729180800001,8,0.00010000
1729209600010,8,0.00010000
1729238400001,8,0.00010000
1729267200000,8,0.00010000
1729296000000,8,0.00010000
1729324800000,8,0.00010000
1729353600000,8,0.00010000
1729382400000,8,0.00010000
1729411200000,8,0.00010000
1729440000000,8,0.00010000
1729468800000,8,0.00010000
1729497600000,8,0.00010000
1729526400000,8,0.00010000
1729555200000,8,0.00010000
1729584000000,8,0.00010000
1729612800000,8,0.00010000
1729641600000,8,0.00010000
1729670400000,8,0.00010000
1729699200000,8,0.00010000
1729728000000,8,0.00010000
1729756800000,8,0.00010000
1729785600000,8,0.00010000
1729814400000,8,0.00010000
1729843200000,8,0.00010000
1729872000000,8,0.00010000
1729900800000,8,0.00004755
1729929600001,8,0.00007569
1729958400000,8,0.00010000
1729987200000,8,0.00010000
1730016000000,8,0.00009724
1730044800000,8,0.00010000
1730073600000,8,0.00009425
1730102400001,8,0.00010000
1730131200000,8,0.00008946
1730160000000,8,0.00010000
1730188800000,8,0.00010000
1730217600004,8,0.00010000
1730246400000,8,0.00010000
1730275200000,8,0.00010000
1730304000013,8,0.00010000
1730332800000,8,0.00010000
1730361600000,8,0.00010000
1730390400000,8,0.00010000
1730419200000,8,0.00010000
1730448000000,8,0.00010000
1730476800000,8,0.00010000
1730505600000,8,0.00010000
1730534400000,8,0.00010000
1730563200000,8,0.00010000
1730592000000,8,0.00010000
1730620800000,8,0.00010000
1730649600000,8,0.00010000
1730678400000,8,0.00010000
1730707200000,8,0.00010000
1730736000000,8,0.00010000
1730764800000,8,0.00010000
1730793600003,8,0.00010000
1730822400001,8,0.00010000
1730851200000,8,0.00010000
1730880000000,8,0.00010000
1730908800000,8,0.00010000
1730937600000,8,0.00010000
1730966400000,8,0.00010000
1730995200000,8,0.00010000
1731024000000,8,0.00010000
1731052800000,8,0.00010000
1731081600000,8,0.00010000
1731110400000,8,0.00010000
1731139200000,8,0.00010000
1731168000000,8,0.00010000
1731196800000,8,0.00010000
1731225600000,8,0.00025603
1731254400000,8,0.00014113
1731283200001,8,0.00036878
1731312000000,8,0.00010000
1731340800000,8,0.00010000
1731369600002,8,0.00049133
1731398400000,8,0.00043737
1731427200000,8,0.00038754
1731456000000,8,0.00010000
1731484800010,8,0.00013101
1731513600000,8,0.00021856
1731542400001,8,0.00010000
1731571200000,8,0.00010000
1731600000000,8,0.00010000
1731628800000,8,0.00010000
1731657600000,8,0.00010000
1731686400000,8,0.00010977
1731715200001,8,0.00010000
1731744000001,8,0.00010000
1731772800000,8,0.00013231
1731801600000,8,0.00015765
1731830400000,8,0.00010000
1731859200001,8,0.00010577
1731888000000,8,0.00010000
1731916800000,8,0.00036450
1731945600000,8,0.00021318
1731974400000,8,0.00021606
1732003200000,8,0.00030216
1732032000000,8,0.00017959
1732060800003,8,0.00010000
1732089600000,8,0.00010000
1732118400000,8,0.00010000
1732147200001,8,0.00010000
1732176000000,8,0.00010000
1732204800001,8,0.00010000
1732233600000,8,0.00010000
1732262400000,8,0.00010000
1732291200001,8,0.00010000
1732320000000,8,0.00010000
1732348800000,8,0.00010000
1732377600000,8,0.00010000
1732406400001,8,0.00010000
1732435200000,8,0.00016148
1732464000000,8,0.00023228
1732492800000,8,0.00021035
1732521600000,8,0.00010000
1732550400000,8,0.00025233
1732579200000,8,0.00021902
1732608000000,8,0.00017936
1732636800000,8,0.00029599
1732665600000,8,0.00031205
1732694400000,8,0.00016795
1732723200001,8,0.00010000
1732752000000,8,0.00010000
1732780800000,8,0.00014326
1732809600000,8,0.00011859
1732838400000,8,0.00020619
1732867200000,8,0.00011747
1732896000000,8,0.00021921
1732924800000,8,0.00010000
1732953600000,8,0.00015909
1732982400000,8,0.00012063
1733011200000,8,0.00015901
1733040000000,8,0.00019581
1733068800000,8,0.00010000
1733097600001,8,0.00025726
1733126400001,8,0.00024556
1733155200000,8,0.00013387
1733184000000,8,0.00012779
1733212800000,8,0.00024926
1733241600000,8,0.00011952
1733270400000,8,0.00026634
1733299200000,8,0.00026254
1733328000000,8,0.00023234
1733356800001,8,0.00027625
1733385600000,8,0.00072446
1733414400000,8,0.00047059
1733443200000,8,0.00010000
1733472000000,8,0.00014634
1733500800000,8,0.00010000
1733529600000,8,0.00031972
1733558400000,8,0.00012374
1733587200000,8,0.00014090
1733616000000,8,0.00016985
1733644800000,8,0.00016572
1733673600000,8,0.00017580
1733702400000,8,0.00030413
1733731200000,8,0.00021032
1733760000001,8,0.00011115
1733788800007,8,0.00010000
1733817600000,8,0.00010000
1733846400000,8,0.00010000
1733875200000,8,0.00010000
1733904000000,8,0.00010000
1733932800001,8,0.00010000
1733961600001,8,0.00010000
1733990400000,8,0.00010000
1734019200001,8,0.00010000
1734048000000,8,0.00010000
1734076800000,8,0.00010000
1734105600001,8,0.00010000
1734134400000,8,0.00006750
1734163200000,8,0.00010000
1734192000000,8,0.00010000
1734220800000,8,0.00010000
1734249600000,8,0.00008194
1734278400000,8,0.00010000
1734307200000,8,0.00010000
1734336000001,8,0.00010000
1734364800000,8,0.00009181
1734393600000,8,0.00007866
1734422400000,8,0.00010000
1734451200000,8,0.00010000
1734480000000,8,0.00010000
1734508800000,8,0.00009159
1734537600000,8,0.00010000
1734566400000,8,0.00010000
1734595200000,8,0.00010000
1734624000000,8,0.00010000
1734652800000,8,0.00010000
1734681600001,8,0.00010000
1734710400014,8,0.00010000
1734739200000,8,0.00010000
1734768000000,8,0.00001206
1734796800001,8,0.00010000
1734825600000,8,0.00010000
1734854400000,8,0.00010000
1734883200000,8,0.00009629
1734912000000,8,0.00010000
1734940800000,8,0.00010000
1734969600001,8,0.00008981
1734998400000,8,0.00010000
1735027200000,8,0.00010000
1735056000001,8,0.00010000
1735084800001,8,0.00010000
1735113600000,8,0.00010000
1735142400000,8,0.00010000
1735171200000,8,0.00009827
1735200000000,8,0.00007453
1735228800000,8,0.00008585
1735257600000,8,0.00010000
1735286400000,8,0.00010000
1735315200000,8,0.00010000
1735344000001,8,0.00010000
1735372800000,8,0.00007639
1735401600000,8,0.00005173
1735430400000,8,0.00008013
1735459200000,8,0.00010000
1735488000000,8,0.00010000
1735516800000,8,-4.2E-7
1735545600001,8,0.00008791
1735574400000,8,0.00010000
1735603200000,8,0.00010000
1735632000000,8,0.00010000
1735660800000,8,0.00010000
1735689600015,8,0.00010000
1735718400000,8,0.00010000
1735747200001,8,0.00010000
1735776000000,8,0.00010000
1735804800006,8,0.00010000
1735833600000,8,0.00010000
1735862400000,8,0.00010000
1735891200000,8,0.00010000
1735920000000,8,0.00005242
1735948800000,8,0.00007699
1735977600000,8,0.00010000
1736006400000,8,0.00000798
1736035200000,8,0.00010000
1736064000000,8,0.00010000
1736092800000,8,0.00008320
1736121600000,8,0.00010000
1736150400001,8,0.00010000
1736179200000,8,0.00010000
1736208000000,8,0.00010000
1736236800000,8,0.00008903
1736265600008,8,0.00008279
1736294400001,8,0.00010000
1736323200000,8,0.00010000
1736352000000,8,0.00010000
1736380800000,8,0.00010000
1736409600000,8,0.00009834
1736438400000,8,-0.00000544
1736467200000,8,0.00003966
1736496000000,8,-0.00001060
1736524800000,8,0.00008078
1736553600000,8,0.00005680
1736582400000,8,0.00004055
1736611200000,8,0.00002608
1736640000000,8,0.00005009
1736668800000,8,0.00003210
1736697600000,8,0.00006647
1736726400000,8,0.00005266
1736755200000,8,0.00006989
1736784000000,8,0.00000881
1736812800000,8,0.00010000
1736841600000,8,0.00010000
1736870400000,8,0.00009496
1736899200000,8,0.00004989
1736928000000,8,0.00008795
1736956800000,8,0.00005844
1736985600000,8,0.00000728
1737014400000,8,0.00007568
1737043200000,8,0.00004598
1737072000004,8,0.00004597
1737100800000,8,0.00009386
1737129600008,8,0.00003432
1737158400000,8,0.00006707
1737187200007,8,0.00010000
1737216000000,8,0.00010000
1737244800000,8,0.00010000
1737273600000,8,0.00010000
1737302400000,8,0.00010000
1737331200000,8,0.00010000
1737360000009,8,0.00010000
1737388800000,8,0.00010000
1737417600000,8,0.00010000
1737446400000,8,0.00010000
1737475200000,8,0.00010000
1737504000000,8,0.00010000
1737532800000,8,0.00010000
1737561600000,8,0.00010000
1737590400001,8,0.00008654
1737619200000,8,0.00010000
1737648000000,8,0.00008616
1737676800000,8,0.00000334
1737705600000,8,0.00007537
1737734400000,8,0.00009540
1737763200000,8,0.00005702
1737792000000,8,0.00008495
1737820800001,8,0.00007782
1737849600000,8,0.00008363
1737878400000,8,0.00010000
1737907200000,8,0.00008443
1737936000000,8,0.00009084
1737964800000,8,0.00003712
1737993600000,8,9.8E-7
1738022400000,8,0.00010000
1738051200000,8,0.00003714
1738080000000,8,0.00009848
1738108800000,8,0.00010000
1738137600000,8,0.00010000
1738166400000,8,0.00009949
1738195200000,8,0.00007590
1738224000000,8,0.00010000
1738252800000,8,0.00009499
1738281600000,8,0.00001225
1738310400000,8,0.00010000
1738339200000,8,0.00010000
1738368000000,8,0.00008098
1738396800000,8,0.00005369
1738425600000,8,0.00005968
1738454400001,8,0.00005824
1738483200000,8,0.00003380
1738512000000,8,-0.00000861
1738540800000,8,0.00010000
1738569600000,8,0.00010000
1738598400000,8,0.00004845
1738627200000,8,0.00002612
1738656000001,8,0.00006800
1738684800000,8,0.00004138
1738713600001,8,-0.00000461
1738742400001,8,0.00004774
1738771200000,8,0.00001610
1738800000001,8,0.00002186
1738828800001,8,-0.00000238
1738857600000,8,0.00005903
1738886400000,8,0.00007983
1738915200000,8,0.00006989
1738944000000,8,0.00005167
1738972800000,8,-0.00004100
1739001600000,8,0.00001137
1739030400000,8,0.00000324
1739059200000,8,0.00003873
1739088000000,8,0.00009600
1739116800000,8,0.00002839
1739145600000,8,0.00001802
1739174400000,8,0.00009176
1739203200000,8,0.00007457
1739232000000,8,0.00004218
1739260800000,8,0.00007090
1739289600000,8,-0.00002446
1739318400000,8,0.00001298
1739347200000,8,0.00004899
1739376000001,8,0.00004960
1739404800001,8,0.00010000
1739433600000,8,0.00004117
1739462400001,8,0.00000805
1739491200000,8,0.00004100
1739520000001,8,0.00005510
1739548800000,8,0.00007093
1739577600000,8,5.5E-7
1739606400000,8,0.00003297
1739635200000,8,0.00003735
1739664000000,8,0.00003390
1739692800000,8,0.00000182
1739721600000,8,0.00003799
1739750400000,8,0.00006239
1739779200000,8,0.00006397
1739808000000,8,0.00002009
1739836800000,8,0.00009488
1739865600000,8,0.00010000
1739894400000,8,0.00010000
1739923200000,8,0.00007007
1739952000000,8,0.00007779
1739980800000,8,0.00008960
1740009600000,8,0.00002420
1740038400000,8,0.00003269
1740067200000,8,0.00007346
1740096000001,8,0.00000123
1740124800000,8,0.00002286
1740153600000,8,-9.7E-7
1740182400000,8,0.00010000
1740211200000,8,0.00006466
1740240000000,8,0.00002318
1740268800000,8,0.00004112
1740297600000,8,0.00003140
1740326400000,8,0.00001478
1740355200000,8,-0.00002970
1740384000000,8,0.00006881
1740412800000,8,0.00002050
1740441600000,8,0.00010000
1740470400000,8,0.00005245
1740499200000,8,0.00001385
1740528000000,8,0.00003521
1740556800000,8,0.00006005
1740585600000,8,0.00010000
1740614400001,8,0.00009305
1740643200000,8,-0.00000617
1740672000000,8,0.00009433
1740700800001,8,0.00009444
1740729600000,8,0.00009521
1740758400000,8,-0.00000373
1740787200000,8,-1.4E-7
1740816000000,8,-0.00006108
1740844800001,8,-0.00000858
1740873600000,8,-0.00001094
1740902400000,8,-0.00002783
1740931200000,8,-0.00002869
1740960000001,8,-0.00005518
1740988800000,8,0.00000791
1741017600000,8,0.00005272
1741046400001,8,-0.00001526
1741075200005,8,-0.00000270
1741104000000,8,0.00001306
1741132800000,8,0.00004113
1741161600000,8,0.00002722
1741190400000,8,0.00005028
1741219200000,8,0.00003538
1741248000001,8,0.00006413
1741276800000,8,0.00006818
1741305600000,8,-0.00000612
1741334400001,8,-0.00001539
1741363200000,8,0.00002028
1741392000000,8,0.00005328
1741420800001,8,0.00000373
1741449600001,8,0.00001208
1741478400001,8,-0.00002779
1741507200000,8,0.00003218
1741536000000,8,0.00010000
1741564800000,8,0.00003952
1741593600000,8,0.00001344
1741622400000,8,0.00004037
1741651200000,8,0.00004705
1741680000000,8,0.00003260
1741708800001,8,0.00008746
1741737600000,8,0.00000576
1741766400000,8,0.00005815
1741795200001,8,0.00004013
1741824000000,8,0.00000430
1741852800000,8,0.00002069
1741881600000,8,0.00003190
1741910400000,8,0.00005386
1741939200000,8,0.00005331
1741968000000,8,0.00000357
1741996800000,8,-0.00006035
1742025600000,8,-0.00002389
1742054400000,8,-0.00000321
1742083200000,8,0.00000432
1742112000000,8,0.00004236
1742140800000,8,0.00001247
1742169600000,8,0.00001065
1742198400000,8,0.00008474
1742227200000,8,0.00000859
1742256000000,8,0.00000703
1742284800000,8,0.00002059
1742313600000,8,0.00003514
1742342400000,8,0.00000200
1742371200000,8,0.00005961
1742400000000,8,0.00005024
1742428800000,8,0.00001944
1742457600000,8,0.00003790
1742486400000,8,0.00001086
1742515200000,8,0.00001615
1742544000000,8,0.00005324
1742572800000,8,0.00002518
1742601600000,8,0.00002836
1742630400004,8,-0.00001770
1742659200000,8,0.00005092
1742688000000,8,0.00002099
1742716800000,8,-0.00000184
1742745600000,8,0.00004020
1742774400000,8,0.00002039
1742803200000,8,0.00005512
1742832000000,8,-0.00003422
1742860800001,8,-0.00000247
1742889600000,8,0.00001150
1742918400000,8,-0.00003776
1742947200000,8,-0.00002990
1742976000000,8,0.00001659
1743004800001,8,-0.00003082
1743033600001,8,0.00003136
1743062400001,8,0.00005512
1743091200002,8,-0.00003760
1743120000001,8,0.00001584
1743148800001,8,-0.00000457
1743177600000,8,0.00008118
1743206400000,8,0.00005364
1743235200000,8,0.00008214
1743264000000,8,0.00002530
1743292800000,8,0.00000341
1743321600000,8,0.00000427
1743350400000,8,0.00004588
1743379200000,8,0.00002643
1743408000000,8,0.00006020
1743436800000,8,0.00001845
1743465600000,8,0.00003961
1743494400001,8,0.00002889
1743523200000,8,0.00003573
1743552000001,8,-0.00002112
1743580800000,8,0.00003036
1743609600000,8,0.00000733
1743638400000,8,0.00005862
1743667200000,8,0.00005038
1743696000000,8,0.00006484
1743724800000,8,0.00004283
1743753600000,8,0.00004736
1743782400000,8,0.00008038
1743811200000,8,0.00008559
1743840000000,8,0.00007437
1743868800000,8,0.00000408
1743897600000,8,0.00000221
1743926400000,8,0.00005363
1743955200002,8,-0.00000603
1743984000000,8,0.00004946
1744012800000,8,0.00006857
1744041600000,8,0.00004998
1744070400000,8,0.00004074
1744099200000,8,0.00003575
1744128000000,8,0.00003134
1744156800000,8,0.00009568
1744185600001,8,-0.00002252
1744214400000,8,0.00006856
1744243200000,8,0.00007705
1744272000000,8,0.00000114
1744300800000,8,0.00006775
1744329600001,8,0.00002065
1744358400000,8,-0.00004294
1744387200000,8,0.00003290
1744416000000,8,0.00003654
1744444800001,8,0.00005640
1744473600000,8,0.00005388
1744502400000,8,0.00005057
1744531200000,8,0.00008429
1744560000000,8,0.00009642
1744588800000,8,0.00008113
1744617600000,8,0.00007127
1744646400000,8,0.00002428
1744675200000,8,-0.00002073
1744704000000,8,0.00006606
1744732800001,8,0.00001883
1744761600000,8,0.00002428
1744790400000,8,0.00006917
1744819200000,8,0.00001978
1744848000001,8,0.00001404
1744876800000,8,0.00005679
1744905600001,8,0.00003425
1744934400000,8,0.00001788
1744963200000,8,0.00007071
1744992000000,8,0.00002995
1745020800000,8,0.00002930
1745049600000,8,0.00006024
1745078400000,8,-0.00001953
1745107200000,8,-0.00000298
1745136000000,8,-0.00001078
1745164800000,8,-0.00002258
1745193600000,8,0.00005232
1745222400005,8,0.00005403
1745251200003,8,0.00001553
1745280000008,8,0.00007749
1745308800000,8,-0.00000744
1745337600000,8,-0.00007045
1745366400000,8,-0.00001389
1745395200002,8,0.00001374
1745424000000,8,0.00004587
1745452800000,8,-0.00002671
1745481600001,8,0.00005210
1745510400001,8,-0.00002165
1745539200007,8,-0.00001764
1745568000002,8,0.00000170
1745596800003,8,0.00000120
1745625600002,8,-0.00010085
1745654400000,8,-0.00002774
1745683200002,8,0.00002855
1745712000001,8,-0.00001500
1745740800000,8,-0.00000660
1745769600000,8,-0.00000421
1745798400001,8,0.00000373
1745827200003,8,0.00000246
1745856000005,8,-0.00005821
1745884800000,8,-0.00000773
1745913600000,8,0.00000413
1745942400010,8,0.00001305
1745971200001,8,-0.00005181
1746000000000,8,0.00002939
1746028800003,8,-0.00003797
1746057600000,8,0.00003519
1746086400000,8,0.00005755
1746115200001,8,-0.00008028
1746144000000,8,-0.00012232
1746172800000,8,-0.00009382
1746201600003,8,-0.00008689
1746230400000,8,-0.00005953
1746259200000,8,0.00003198
1746288000000,8,-0.00001483
1746316800001,8,0.00000370
1746345600001,8,0.00003229
1746374400002,8,0.00003745
1746403200000,8,-0.00002404
1746432000000,8,0.00003636
1746460800006,8,-0.00002247
1746489600002,8,0.00001978
1746518400005,8,0.00004440
1746547200000,8,0.00000757
1746576000002,8,0.00001218
1746604800000,8,-2.5E-7
1746633600006,8,0.00001320
1746662400000,8,0.00002318
1746691200001,8,0.00004608
1746720000002,8,0.00005728
1746748800001,8,0.00010000
1746777600006,8,0.00010000
1746806400000,8,0.00004378
1746835200001,8,0.00009657
1746864000000,8,0.00010000
1746892800001,8,0.00004257
1746921600000,8,0.00010000
1746950400001,8,0.00004150
1746979200001,8,0.00010000
1747008000004,8,0.00004454
1747036800000,8,0.00010000
1747065600000,8,0.00002301
1747094400000,8,0.00006847
1747123200008,8,0.00010000
1747152000001,8,0.00007256
1747180800007,8,0.00009921
1747209600000,8,0.00007542
1747238400002,8,0.00003175
1747267200000,8,0.00002978
1747296000003,8,0.00005336
1747324800000,8,0.00001439
1747353600001,8,0.00004504
1747382400000,8,0.00007535
1747411200000,8,0.00004768
1747440000000,8,0.00002821
1747468800001,8,0.00003340
1747497600004,8,0.00000597
1747526400000,8,0.00006742
1747555200000,8,0.00005903
1747584000000,8,0.00010000
1747612800000,8,0.00005990
1747641600006,8,0.00006040
1747670400010,8,0.00002110
1747699200000,8,0.00008378
1747728000002,8,0.00007107
1747756800000,8,0.00001266
1747785600000,8,0.00008767
1747814400001,8,0.00007147
1747843200004,8,0.00005119
1747872000001,8,0.00010000
1747900800000,8,0.00010000
1747929600002,8,0.00010000
1747958400006,8,0.00009321
1747987200000,8,0.00007261
1748016000007,8,0.00008614
1748044800010,8,0.00003524
1748073600000,8,0.00004590
1748102400003,8,0.00007837
1748131200004,8,0.00009794
1748160000000,8,0.00005113
1748188800000,8,0.00003651
1748217600000,8,0.00007331
1748246400000,8,0.00010000
1748275200002,8,0.00009782
1748304000003,8,0.00007650
1748332800001,8,0.00007266
1748361600005,8,0.00002476
1748390400002,8,0.00003260
1748419200003,8,0.00002164
1748448000002,8,0.00005368
1748476800000,8,0.00003186
1748505600006,8,0.00002812
1748534400000,8,0.00008379
1748563200003,8,0.00002622
1748592000003,8,0.00003849
1748620800000,8,0.00007392
1748649600000,8,0.00008506
1748678400000,8,0.00007552
1748707200000,8,0.00004687
1748736000001,8,-0.00000582
1748764800002,8,0.00002335
1748793600000,8,0.00004117
1748822400001,8,-0.00000642
1748851200000,8,0.00005593
1748880000000,8,0.00004467
1748908800000,8,0.00005005
1748937600000,8,0.00006066
1748966400001,8,0.00004456
1748995200000,8,-1.1E-7
1749024000000,8,0.00002611
1749052800000,8,0.00000962
1749081600016,8,7.4E-7
1749110400000,8,0.00002871
1749139200000,8,0.00005156
1749168000002,8,-0.00003491
1749196800000,8,-0.00003030
1749225600006,8,-0.00002995
1749254400000,8,-0.00002890
1749283200000,8,-0.00003158
1749312000002,8,0.00000294
1749340800000,8,0.00004808
1749369600000,8,0.00005613
1749398400000,8,-0.00003602
1749427200000,8,-0.00002164
1749456000001,8,0.00004024
1749484800001,8,0.00003057
1749513600000,8,0.00006374
1749542400001,8,0.00010000
1749571200003,8,0.00008165
1749600000000,8,0.00008779
1749628800000,8,0.00008390
1749657600010,8,0.00005039
1749686400002,8,0.00001856
1749715200003,8,0.00007247
1749744000001,8,0.00001198
1749772800000,8,-0.00001801
1749801600001,8,-0.00000270
1749830400004,8,0.00003857
1749859200000,8,0.00001958
1749888000000,8,0.00003858
1749916800000,8,0.00001135
1749945600005,8,-0.00003641
1749974400009,8,0.00001439
1750003200000,8,0.00007369
1750032000000,8,0.00000936
1750060800000,8,0.00005070
1750089600003,8,0.00002793
1750118400000,8,0.00001847
1750147200006,8,0.00005776
1750176000001,8,0.00002211
1750204800001,8,-0.00001752
1750233600001,8,0.00003695
1750262400001,8,0.00006692
1750291200005,8,0.00000845
1750320000003,8,0.00000616
1750348800000,8,0.00002396
1750377600000,8,0.00003565
1750406400002,8,0.00007862
1750435200001,8,0.00002400
1750464000002,8,0.00003977
1750492800005,8,0.00001933
1750521600000,8,0.00007440
1750550400005,8,0.00002883
1750579200000,8,0.00010000
1750608000003,8,0.00004145
1750636800000,8,-0.00001061
1750665600004,8,-0.00002809
1750694400013,8,0.00004889
1750723200003,8,0.00001245
1750752000000,8,0.00001218
1750780800000,8,0.00000447
1750809600005,8,-0.00003174
1750838400000,8,0.00002747
1750867200005,8,0.00000962
1750896000000,8,0.00000141
1750924800006,8,0.00003805
1750953600007,8,0.00000682
1750982400000,8,0.00001113
1751011200000,8,0.00002663
1751040000009,8,0.00002557
1751068800001,8,-0.00001161
1751097600002,8,0.00006053
1751126400000,8,0.00004434
1751155200004,8,0.00001250
1751184000001,8,0.00005360
1751212800001,8,0.00010000
1751241600000,8,0.00001084
1751270400005,8,0.00002959
1751299200002,8,0.00004923
1751328000007,8,0.00001053
1751356800002,8,0.00004334
1751385600000,8,0.00001109
1751414400001,8,0.00001807
1751443200000,8,0.00003403
1751472000003,8,0.00004130
1751500800006,8,0.00004871
1751529600003,8,0.00003562
1751558400003,8,0.00005028
1751587200005,8,0.00005230
1751616000003,8,0.00005009
1751644800001,8,0.00001797
1751673600004,8,0.00001066
1751702400009,8,0.00003055
1751731200006,8,0.00004005
1751760000001,8,0.00001941
1751788800002,8,0.00001665
1751817600004,8,0.00001028
1751846400000,8,0.00002360
1751875200007,8,0.00003438
1751904000000,8,0.00004271
1751932800010,8,0.00001073
1751961600003,8,0.00004563
1751990400000,8,0.00003601
1752019200002,8,0.00003093
1752048000006,8,0.00003396
1752076800001,8,0.00004253
1752105600003,8,0.00010000
1752134400000,8,0.00008523
1752163200004,8,0.00001908
1752192000004,8,0.00010000
1752220800007,8,0.00010000
1752249600001,8,0.00010000
1752278400000,8,0.00010000
1752307200001,8,0.00010000
1752336000002,8,0.00010000
1752364800006,8,0.00010000
1752393600001,8,0.00010000
1752422400003,8,0.00010000
1752451200000,8,0.00008051
1752480000000,8,0.00010000
1752508800000,8,0.00010000
1752537600002,8,0.00010000
1752566400000,8,0.00010000
1752595200000,8,0.00010000
1752624000000,8,0.00010000
1752652800000,8,0.00010000
1752681600008,8,0.00010000
1752710400003,8,0.00010000
1752739200000,8,0.00010000
1752768000000,8,0.00010000
1752796800004,8,0.00010000
1752825600000,8,0.00010000
1752854400000,8,0.00010000
1752883200009,8,0.00010000
1752912000000,8,0.00010000
1752940800002,8,0.00010000
1752969600000,8,0.00010000
1752998400000,8,0.00010000
1753027200000,8,0.00010000
1753056000001,8,0.00010000
1753084800000,8,0.00010000
1753113600001,8,0.00010000
1753142400000,8,0.00010000
1753171200010,8,0.00010000
1753200000007,8,0.00010000
1753228800000,8,0.00010000
1753257600004,8,0.00010000
1753286400002,8,0.00010000
1753315200000,8,0.00010000
1753344000001,8,0.00010000
1753372800000,8,0.00010000
1753401600000,8,0.00010000
1753430400000,8,0.00010000
1753459200000,8,0.00010000
1753488000001,8,0.00010000
1753516800005,8,0.00010000
1753545600001,8,0.00010000
1753574400001,8,0.00010000
1753603200000,8,0.00010000
1753632000008,8,0.00010000
1753660800005,8,0.00010000
1753689600000,8,0.00010000
1753718400000,8,0.00010000
1753747200001,8,0.00010000
1753776000000,8,0.00010000
1753804800000,8,0.00010000
1753833600011,8,0.00010000
1753862400000,8,0.00010000
1753891200008,8,0.00010000
1753920000000,8,0.00005694
1753948800009,8,0.00010000
1753977600000,8,0.00010000
1754006400001,8,-0.00001408
1754035200003,8,0.00001549
1754064000000,8,0.00005681
1754092800004,8,0.00004810
1754121600000,8,0.00000894
1754150400000,8,0.00004437
1754179200000,8,0.00005633
1754208000000,8,0.00004533
1754236800003,8,0.00007504
1754265600004,8,0.00004188
1754294400000,8,0.00005719
1754323200002,8,0.00003912
1754352000000,8,0.00007101
1754380800000,8,0.00008589
1754409600000,8,0.00004784
1754438400005,8,0.00005172
1754467200000,8,0.00009275
1754496000000,8,0.00008288
1754524800003,8,0.00004843
1754553600002,8,0.00007574
1754582400002,8,0.00006275
1754611200002,8,0.00002403
1754640000004,8,0.00001729
1754668800000,8,0.00007973
1754697600005,8,0.00008835
1754726400000,8,0.00009087
1754755200007,8,0.00005151
1754784000003,8,0.00009849
1754812800005,8,0.00010000
1754841600002,8,0.00010000
1754870400000,8,0.00010000
1754899200000,8,0.00010000
1754928000000,8,0.00010000
1754956800000,8,0.00010000
1754985600001,8,0.00007988
1755014400005,8,0.00008543
1755043200000,8,0.00007123
1755072000002,8,0.00010000
1755100800006,8,0.00010000
1755129600002,8,0.00010000
1755158400003,8,0.00010000
1755187200000,8,0.00010000
1755216000000,8,0.00001939
1755244800000,8,0.00007990
1755273600000,8,0.00003722
1755302400004,8,0.00008850
1755331200000,8,0.00008268
1755360000002,8,0.00009023
1755388800000,8,0.00008206
1755417600001,8,0.00004680
1755446400007,8,0.00001862
1755475200000,8,0.00002846
1755504000001,8,-0.00000682
1755532800002,8,0.00005296
1755561600000,8,0.00007137
1755590400001,8,0.00006262
1755619200000,8,0.00003167
1755648000000,8,0.00004543
1755676800000,8,0.00001364
1755705600000,8,0.00004936
1755734400006,8,0.00001143
1755763200000,8,0.00007757
1755792000003,8,0.00007414
1755820800010,8,0.00007296
1755849600007,8,0.00010000
1755878400001,8,0.00005867
1755907200004,8,0.00010000
1755936000006,8,0.00010000
1755964800000,8,0.00009711
1755993600001,8,0.00010000
1756022400002,8,0.00010000
1756051200001,8,0.00010000
1756080000000,8,0.00010000
1756108800002,8,0.00010000
1756137600002,8,0.00008344
1756166400000,8,0.00004522
1756195200000,8,0.00003900
1756224000000,8,0.00010000
1756252800003,8,0.00001802
1756281600000,8,0.00005503
1756310400009,8,0.00003496
1756339200000,8,0.00005297
1756368000005,8,0.00009693
1756396800004,8,0.00007512
1756425600000,8,0.00004261
1756454400000,8,0.00005856
1756483200005,8,0.00000644
1756512000000,8,0.00007523
1756540800002,8,0.00007979
1756569600003,8,0.00008042
1756598400016,8,-0.00001232
1756627200000,8,0.00004749
1756656000001,8,0.00010000
1756684800000,8,0.00004660
1756713600000,8,0.00010000
1756742400001,8,0.00004963
1756771200000,8,0.00006946
1756800000005,8,0.00008805
1756828800007,8,0.00006356
1756857600006,8,0.00000767
1756886400002,8,0.00005127
1756915200002,8,0.00002344
1756944000002,8,0.00001808
1756972800000,8,0.00004385
1757001600000,8,0.00007941
1757030400001,8,0.00007532
1757059200006,8,0.00010000
1757088000000,8,0.00007872
1757116800000,8,0.00001297
1757145600005,8,0.00005660
1757174400000,8,0.00005110
1757203200000,8,0.00001970
1757232000000,8,0.00003611
1757260800000,8,0.00006969
1757289600007,8,0.00009404
1757318400000,8,0.00006682
1757347200000,8,0.00007311
1757376000000,8,0.00003799
1757404800000,8,0.00010000
1757433600000,8,0.00010000
1757462400000,8,0.00005805
1757491200002,8,0.00005026
1757520000000,8,0.00010000
1757548800000,8,0.00005843
1757577600000,8,0.00004283
1757606400001,8,0.00003326
1757635200002,8,0.00006137
1757664000001,8,0.00003768
1757692800005,8,0.00006891
1757721600005,8,-0.00001554
1757750400002,8,0.00002251
1757779200000,8,0.00003137
1757808000006,8,0.00008182
1757836800000,8,0.00004780
1757865600001,8,0.00003115
1757894400006,8,0.00006207
1757923200002,8,0.00008259
1757952000001,8,0.00008189
1757980800001,8,0.00000997
1758009600000,8,0.00006991
1758038400000,8,0.00006472
1758067200001,8,0.00006972
1758096000000,8,0.00008441
1758124800003,8,0.00006303
1758153600006,8,0.00004941
1758182400002,8,0.00008928
1758211200000,8,0.00004208
1758240000000,8,-0.00000231
1758268800005,8,0.00002109
1758297600000,8,0.00005264
1758326400000,8,0.00003757
1758355200000,8,-2.7E-7
1758384000002,8,-0.00001006
1758412800000,8,-0.00005322
1758441600000,8,0.00002563
1758470400000,8,0.00003742
1758499200005,8,0.00006665
1758528000003,8,0.00001743
1758556800000,8,0.00004838
1758585600000,8,0.00007062
1758614400001,8,0.00007083
1758643200000,8,0.00007478
1758672000003,8,0.00005794
1758700800001,8,0.00006267
1758729600002,8,0.00004886
1758758400000,8,-0.00000220
1758787200001,8,0.00001730
1758816000000,8,0.00009560
1758844800000,8,0.00003143
1758873600000,8,0.00004360
1758902400008,8,0.00007716
1758931200000,8,-1.0E-7
1758960000010,8,0.00003425
1758988800003,8,0.00007821
1759017600000,8,0.00003314
1759046400000,8,0.00004976
1759075200000,8,0.00005261
1759104000000,8,0.00002312
1759132800002,8,0.00001304
1759161600001,8,3.2E-7
1759190400002,8,0.00002353
1759219200005,8,0.00005893
1759248000000,8,0.00002584
1759276800000,8,0.00003355
1759305600000,8,0.00003457
1759334400000,8,0.00010000
1759363200000,8,0.00007784
1759392000013,8,0.00010000
1759420800000,8,0.00009543
1759449600006,8,0.00009926
1759478400006,8,0.00010000
1759507200000,8,0.00010000
1759536000001,8,0.00010000
1759564800000,8,0.00010000
1759593600000,8,0.00008312
1759622400000,8,0.00008648
1759651200003,8,0.00010000
1759680000009,8,0.00009566
1759708800004,8,0.00007672
1759737600002,8,0.00009708
1759766400004,8,0.00005831
1759795200000,8,0.00010000
1759824000003,8,0.00008608
1759852800000,8,0.00006194
1759881600000,8,0.00002542
1759910400006,8,0.00010000
1759939200002,8,0.00005396
1759968000001,8,0.00001344
1759996800000,8,0.00005350
1760025600000,8,0.00001455
1760054400005,8,0.00000785
1760083200002,8,0.00003879
1760112000014,8,0.00001013
1760140800000,8,0.00010000
1760169600003,8,0.00010000
1760198400000,8,0.00000467
1760227200004,8,-0.00003055
1760256000002,8,0.00002865
1760284800000,8,-0.00010915
1760313600003,8,-0.00003942
1760342400002,8,0.00002519
1760371200003,8,-0.00002305
1760400000000,8,-0.00004041
1760428800000,8,0.00000712
1760457600000,8,-0.00004498
1760486400006,8,-0.00005425
1760515200002,8,0.00003973
1760544000000,8,0.00000225
1760572800000,8,-0.00002741
1760601600003,8,-0.00002230
1760630400002,8,-0.00003004
1760659200001,8,-0.00000285
1760688000005,8,-0.00000634
1760716800003,8,-0.00000291
1760745600000,8,-0.00004819
1760774400002,8,-0.00006376
1760803200001,8,-0.00003681
1760832000001,8,-0.00001411
1760860800001,8,0.00001512
1760889600001,8,0.00002787
1760918400004,8,-0.00002197
1760947200001,8,-0.00000665
1760976000000,8,-1.8E-7
1761004800009,8,-0.00005567
1761033600000,8,0.00002222
1761062400000,8,-0.00002506
1761091200004,8,-0.00004212
1761120000000,8,0.00002445
1761148800000,8,0.00005702
1761177600000,8,0.00008911
1761206400001,8,0.00002673
1761235200004,8,0.00003933
1761264000000,8,0.00003391
1761292800000,8,0.00001783
1761321600009,8,0.00003224
1761350400000,8,0.00005020
1761379200001,8,0.00001484
1761408000001,8,0.00005570
1761436800001,8,0.00001903
1761465600001,8,0.00000535
1761494400000,8,0.00006904
1761523200000,8,0.00010000
1761552000005,8,0.00010000
1761580800000,8,0.00007304
1761609600000,8,0.00006059
1761638400000,8,0.00007806
1761667200004,8,0.00002992
1761696000004,8,-3.2E-7
1761724800005,8,0.00003588
1761753600000,8,0.00005003
1761782400004,8,0.00001097
1761811200008,8,0.00003449
1761840000001,8,0.00003562
1761868800000,8,0.00000213
1761897600008,8,0.00010000
1761926400007,8,0.00010000
1761955200001,8,0.00010000
1761984000000,8,0.00010000
1762012800000,8,0.00009782
1762041600007,8,0.00008200
1762070400000,8,0.00008150
1762099200001,8,0.00005635
1762128000000,8,0.00006098
1762156800010,8,0.00006853
1762185600000,8,0.00005329
1762214400002,8,0.00010000
1762243200004,8,0.00005808
1762272000000,8,0.00006339
1762300800000,8,0.00007132
1762329600000,8,0.00002831
1762358400004,8,0.00002816
1762387200001,8,0.00003985
1762416000000,8,0.00007916
1762444800001,8,0.00004494
1762473600005,8,0.00004705
1762502400003,8,0.00004227
1762531200005,8,0.00008631
1762560000011,8,0.00007776
1762588800015,8,0.00003047
1762617600001,8,0.00003740
1762646400004,8,-0.00001640
1762675200000,8,0.00004187
1762704000005,8,0.00008948
1762732800000,8,0.00008870
1762761600000,8,0.00007355
1762790400003,8,0.00004979
1762819200007,8,0.00002818
1762848000000,8,-0.00002775
1762876800009,8,0.00005823
1762905600000,8,0.00002462
1762934400002,8,0.00000687
1762963200000,8,0.00005786
1762992000002,8,0.00001077
1763020800000,8,0.00009352
1763049600001,8,0.00007448
1763078400000,8,0.00008569
1763107200000,8,0.00009126
1763136000001,8,0.00009078
1763164800005,8,0.00008507
1763193600000,8,0.00010000
1763222400001,8,0.00005923
1763251200001,8,0.00007745
1763280000000,8,0.00010000
1763308800000,8,0.00007060
1763337600003,8,0.00010000
1763366400003,8,0.00009568
1763395200000,8,0.00007208
1763424000002,8,0.00010000
1763452800004,8,0.00010000
1763481600000,8,0.00003725
1763510400000,8,0.00007496
1763539200000,8,0.00005012
1763568000008,8,0.00003980
1763596800000,8,0.00004259
1763625600000,8,0.00010000
1763654400000,8,0.00008999
1763683200001,8,0.00004272
1763712000000,8,0.00004524
1763740800001,8,0.00002642
1763769600004,8,0.00001373
1763798400000,8,0.00006735
1763827200000,8,0.00005057
1763856000000,8,0.00003812
1763884800008,8,0.00000153
1763913600003,8,-0.00000893
1763942400004,8,-6E-8
1763971200000,8,-0.00000134
1764000000006,8,0.00005044
1764028800000,8,-0.00005290
1764057600009,8,0.00001996
1764086400007,8,-0.00003019
1764115200001,8,0.00004038
1764144000001,8,0.00005388
1764172800000,8,-0.00000419
1764201600013,8,-0.00002599
1764230400000,8,0.00002408
1764259200004,8,0.00004624
1764288000008,8,0.00001771
1764316800000,8,0.00006007
1764345600008,8,-0.00001703
1764374400000,8,-0.00001982
1764403200005,8,0.00001778
1764432000001,8,0.00002635
1764460800003,8,0.00006082
1764489600000,8,0.00003556
1764518400004,8,0.00003880
1764547200000,8,0.00003593
1764576000004,8,0.00003153
1764604800000,8,0.00001491
1764633600004,8,-0.00001009
1764662400000,8,0.00002643
1764691200000,8,0.00003999
1764720000000,8,-0.00001732
1764748800000,8,0.00004206
1764777600005,8,-0.00000885
1764806400012,8,-0.00000395
1764835200000,8,0.00007435
1764864000011,8,0.00003928
1764892800000,8,0.00004837
1764921600000,8,0.00004944
1764950400010,8,0.00000391
1764979200001,8,0.00003693
1765008000001,8,0.00001919
1765036800008,8,-0.00001822
1765065600000,8,0.00004192
1765094400004,8,0.00001666
1765123200000,8,0.00005212
1765152000000,8,-0.00000539
1765180800000,8,0.00006545
1765209600001,8,0.00003395
1765238400001,8,0.00000852
1765267200001,8,0.00006379
1765296000007,8,0.00005443
1765324800007,8,0.00002777
1765353600002,8,0.00001996
1765382400012,8,0.00003205
1765411200001,8,0.00002590
1765440000000,8,-0.00001577
1765468800000,8,0.00006100
1765497600005,8,0.00006914
1765526400007,8,0.00004698
1765555200002,8,0.00003383
1765584000001,8,0.00000121
1765612800006,8,0.00006020
1765641600000,8,0.00006041
1765670400000,8,0.00010000
1765699200003,8,0.00002898
1765728000005,8,0.00003773
1765756800000,8,0.00000190
1765785600000,8,-0.00000893
1765814400000,8,0.00003081
1765843200002,8,0.00007467
1765872000000,8,0.00001350
1765900800002,8,0.00004089
1765929600004,8,0.00006221
1765958400000,8,0.00008987
1765987200000,8,0.00005917
1766016000005,8,0.00006230
1766044800007,8,-0.00000867
1766073600001,8,0.00008355
1766102400000,8,0.00005491
1766131200001,8,0.00010000
1766160000000,8,0.00010000
1766188800005,8,0.00010000
1766217600000,8,0.00001234
1766246400002,8,0.00007171
1766275200000,8,0.00009682
1766304000009,8,0.00008873
1766332800000,8,0.00003977
1766361600000,8,0.00004389
1766390400005,8,0.00004524
1766419200009,8,0.00006654
1766448000000,8,0.00002633
1766476800000,8,0.00005231
1766505600001,8,0.00001795
1766534400001,8,0.00010000
1766563200001,8,0.00008455
1766592000000,8,0.00005927
1766620800000,8,0.00005953
1766649600001,8,0.00007953
1766678400005,8,0.00008322
1766707200004,8,0.00004378
1766736000001,8,0.00005427
1766764800007,8,0.00010000
1766793600000,8,0.00001809
1766822400000,8,0.00002788
1766851200011,8,0.00005850
1766880000008,8,-3.6E-7
1766908800000,8,0.00007955
1766937600000,8,0.00009464
1766966400016,8,0.00010000
1766995200001,8,0.00010000
1767024000000,8,0.00004826
1767052800005,8,0.00010000
1767081600001,8,0.00004613
1767110400003,8,0.00008345
1767139200004,8,0.00002922
1767168000001,8,0.00001453
1767196800001,8,0.00003750
1767225600008,8,0.00010000
1767254400002,8,0.00010000
1767283200001,8,0.00001711
1767312000006,8,0.00005608
1767340800007,8,0.00004219
1767369600000,8,0.00004813
1767398400001,8,0.00003110
1767427200000,8,0.00001055
1767456000000,8,0.00006938
1767484800000,8,0.00009488
1767513600000,8,0.00005813
1767542400001,8,0.00004436
1767571200000,8,0.00008893
1767600000000,8,0.00005230
1767628800000,8,0.00007723
1767657600010,8,-0.00001376
1767686400000,8,0.00002816
1767715200000,8,0.00002691
1767744000001,8,0.00006582
1767772800001,8,0.00010000
1767801600001,8,0.00002885
1767830400001,8,0.00008693
1767859200000,8,0.00010000
1767888000000,8,0.00006436
1767916800003,8,-0.00002813
1767945600000,8,0.00007258
1767974400001,8,0.00000218
1768003200000,8,0.00005643
1768032000002,8,0.00007657
1768060800001,8,0.00006235
1768089600003,8,0.00008744
1768118400006,8,0.00004670
1768147200000,8,0.00001667
1768176000005,8,0.00001813
1768204800000,8,0.00002902
1768233600000,8,0.00004650
1768262400007,8,0.00002245
1768291200009,8,0.00009838
1768320000002,8,0.00003445
1768348800000,8,0.00000129
1768377600001,8,0.00002497
1768406400004,8,0.00004076
1768435200000,8,-0.00000367
1768464000004,8,0.00001749
1768492800002,8,0.00001526
1768521600000,8,0.00007340
1768550400000,8,0.00007337
1768579200001,8,0.00002495
1768608000000,8,-0.00000178
1768636800000,8,0.00003007
1768665600002,8,0.00002976
1768694400001,8,0.00003503
1768723200000,8,0.00009616
1768752000000,8,0.00006571
1768780800007,8,0.00003473
1768809600007,8,0.00001943
1768838400007,8,0.00002494
1768867200005,8,0.00009819
1768896000001,8,0.00006626
1768924800009,8,0.00005652
1768953600001,8,0.00010000
1768982400011,8,0.00006055
1769011200011,8,0.00002410
1769040000010,8,0.00006355
1769068800003,8,0.00005110
1769097600005,8,0.00009419
1769126400005,8,0.00005090
1769155200000,8,0.00003390
1769184000011,8,0.00006968
1769212800011,8,0.00001531
1769241600002,8,0.00008909
1769270400001,8,0.00003901
1769299200002,8,0.00001336
1769328000011,8,0.00008051
1769356800005,8,0.00004917
1769385600000,8,0.00004067
1769414400003,8,0.00002847
1769443200000,8,0.00005606
1769472000002,8,0.00004267
1769500800000,8,0.00006028
1769529600000,8,0.00007503
1769558400000,8,0.00006237
1769587200000,8,0.00006174
1769616000000,8,0.00003830
1769644800000,8,0.00007210
1769673600009,8,0.00005856
1769702400000,8,0.00004023
1769731200008,8,0.00004478
1769760000000,8,0.00001714
1769788800001,8,0.00000310
1769817600000,8,0.00009693
1769846400001,8,0.00003548
1769875200009,8,0.00006585
1769904000001,8,-0.00003267
1769932800004,8,0.00003421
1769961600000,8,0.00001722
1769990400000,8,6.8E-7
1770019200014,8,-0.00003043
1770048000000,8,-0.00005713
1770076800000,8,-0.00002203
1770105600007,8,0.00002245
1770134400000,8,-0.00000465
1770163200002,8,0.00000119
1770192000007,8,0.00003551
1770220800000,8,0.00004618
1770249600011,8,0.00009173
1770278400000,8,0.00000298
1770307200007,8,-0.00004957
1770336000000,8,-0.00001597
1770364800001,8,-0.00013688
1770393600000,8,-0.00013478
1770422400003,8,-0.00015178
1770451200000,8,-0.00008326
1770480000010,8,-0.00002907
1770508800003,8,-0.00003403
1770537600000,8,-0.00003546
1770566400000,8,-0.00004864
1770595200002,8,-0.00003075
1770624000001,8,0.00001846
1770652800007,8,-0.00004284
1770681600000,8,-0.00008798
1770710400007,8,-0.00004829
1770739200000,8,-0.00008816
1770768000000,8,0.00001400
1770796800006,8,-0.00008417
1770825600000,8,-0.00001169
1770854400000,8,-0.00001381
1770883200001,8,0.00003499
1770912000001,8,-0.00001728
1770940800007,8,0.00005834
1770969600003,8,0.00000716
1770998400005,8,-0.00001274
1771027200002,8,0.00001291
1771056000004,8,0.00003174
1771084800002,8,-0.00003094
1771113600000,8,-0.00001068
1771142400002,8,0.00004664
1771171200000,8,-0.00002371
1771200000001,8,0.00002659
1771228800003,8,-0.00003277
1771257600000,8,-0.00004112
1771286400008,8,0.00005883
1771315200001,8,0.00002672
1771344000002,8,0.00005077
1771372800000,8,0.00003215
1771401600000,8,-0.00000141
1771430400011,8,0.00003604
1771459200013,8,-0.00004014
1771488000000,8,0.00002686
1771516800003,8,-0.00003052
1771545600000,8,0.00005365
1771574400000,8,0.00001302
1771603200000,8,-0.00000671
1771632000004,8,0.00004456
1771660800000,8,0.00002485
1771689600005,8,0.00003235
1771718400001,8,0.00000730
1771747200004,8,4.2E-7
1771776000000,8,0.00004972
1771804800001,8,0.00006946
1771833600000,8,-0.00009317
1771862400000,8,0.00002251
1771891200007,8,0.00005706
1771920000000,8,-0.00001193
1771948800001,8,-0.00000182
1771977600001,8,0.00002375
1772006400007,8,3.3E-7
1772035200000,8,-0.00000968
1772064000000,8,-0.00001998
1772092800006,8,-0.00001128
1772121600002,8,0.00004007
1772150400007,8,-0.00000991
1772179200000,8,-0.00008123
1772208000001,8,-0.00000656
1772236800000,8,0.00004041
1772265600000,8,-0.00003727
1772294400004,8,-0.00004305
1772323200005,8,-0.00000688
1772352000000,8,0.00004563
1772380800002,8,0.00002948
1772409600001,8,-0.00000299
1772438400007,8,-0.00001956
1772467200000,8,-0.00001083
1772496000000,8,-0.00000186
1772524800000,8,0.00001437
1772553600007,8,0.00001481
1772582400001,8,-0.00005390
1772611200005,8,0.00002520
1772640000000,8,0.00004683
1772668800000,8,0.00003567
1772697600000,8,0.00004965
1772726400004,8,0.00000174
1772755200001,8,0.00001689
1772784000001,8,-0.00003061
1772812800004,8,-0.00002176
1772841600001,8,0.00000619
1772870400012,8,0.00003525
1772899200001,8,-0.00004217
1772928000001,8,-0.00004496
1772956800000,8,-0.00001115
1772985600002,8,-0.00002868
1773014400000,8,-0.00005770
1773043200004,8,-0.00004579
1773072000003,8,-0.00003431
1773100800012,8,-0.00002394
1773129600002,8,0.00001230
1773158400001,8,0.00001738
1773187200000,8,-0.00011052
1773216000007,8,-0.00005252
1773244800010,8,-0.00005824
1773273600000,8,-0.00007802
1773302400000,8,-0.00005392
1773331200000,8,-0.00007381
1773360000006,8,-0.00002789
1773388800001,8,0.00004263
1773417600000,8,-0.00000638
1773446400001,8,-0.00000379
1773475200000,8,-0.00003988
1773504000007,8,-0.00004851
1773532800000,8,-0.00001883
1773561600000,8,-0.00006461
1773590400000,8,0.00002659
1773619200000,8,0.00002513
1773648000010,8,0.00007139
1773676800000,8,0.00002015
1773705600000,8,0.00000241
1773734400002,8,-0.00002505
1773763200011,8,-0.00001260
1773792000002,8,-0.00006569
1773820800002,8,-0.00004813
1773849600005,8,0.00002418
1773878400000,8,-0.00000974
1773907200003,8,-0.00003012
1773936000003,8,0.00001205
1773964800002,8,0.00000625
1773993600000,8,0.00000753
1774022400000,8,-0.00000223
1774051200000,8,-0.00001493
1774080000000,8,-0.00000738
1774108800014,8,0.00001093
1774137600012,8,0.00000806
1774166400007,8,-0.00004425
1774195200002,8,-0.00006837
1774224000000,8,-0.00002079
1774252800003,8,-0.00002863
1774281600002,8,0.00000160
1774310400000,8,0.00004229
1774339200000,8,0.00003675
1774368000003,8,0.00003056
1774396800000,8,0.00002310
1774425600000,8,0.00001074
1774454400013,8,0.00004721
1774483200001,8,0.00002448
1774512000001,8,0.00001379
1774540800000,8,-0.00002103
1774569600006,8,0.00002925
1774598400000,8,-0.00006298
1774627200000,8,-0.00005841
1774656000005,8,-0.00008088
1774684800005,8,-0.00007604
1774713600000,8,-0.00000173
1774742400003,8,-0.00003680
1774771200001,8,-1.2E-7
1774800000000,8,0.00002677
1774828800000,8,0.00000300
1774857600005,8,0.00000492
1774886400000,8,0.00000758
1774915200000,8,0.00000116
1774944000000,8,-0.00001921
1774972800000,8,-0.00002763
1775001600000,8,-0.00003449
1775030400000,8,-0.00000461
1775059200000,8,0.00000577
1775088000003,8,0.00003521
1775116800001,8,0.00000845
1775145600001,8,-0.00007398
1775174400000,8,-0.00000831
1775203200008,8,-0.00000599
1775232000008,8,0.00000351
1775260800000,8,0.00003761
1775289600003,8,0.00004115
1775318400000,8,0.00001651
1775347200008,8,0.00002407
1775376000000,8,0.00003812
1775404800001,8,0.00001889
1775433600004,8,0.00007073
1775462400001,8,0.00005544
1775491200003,8,0.00000423
1775520000000,8,-0.00000315
1775548800000,8,0.00003703
1775577600000,8,0.00007393
1775606400000,8,0.00006020
1775635200000,8,0.00001563
1775664000006,8,0.00004048
1775692800000,8,-0.00000147
1775721600010,8,0.00005239
1775750400001,8,-0.00001986
1775779200000,8,0.00000411
1775808000005,8,0.00002458
1775836800000,8,-0.00002187
1775865600000,8,-0.00007225
1775894400000,8,-0.00006083
1775923200003,8,-0.00006755
1775952000000,8,-0.00008108
1775980800000,8,-0.00003690
1776009600000,8,-0.00000335
1776038400011,8,-0.00000234
1776067200006,8,-0.00000183
1776096000000,8,-0.00005409
1776124800005,8,-0.00005854
1776153600003,8,0.00002732
1776182400001,8,-0.00005234
1776211200000,8,-0.00009313
1776240000000,8,-0.00005085
1776268800000,8,-0.00007151
1776297600013,8,-0.00003418
1776326400000,8,-0.00002841
1776355200000,8,-0.00002225
1776384000001,8,0.00003297
1776412800011,8,0.00002781
1776441600001,8,-0.00010789
1776470400001,8,-0.00008098
1776499200006,8,-0.00007082
1776528000000,8,-0.00004586
1776556800002,8,-0.00008395
1776585600010,8,-0.00007219
1776614400001,8,-0.00012276
1776643200000,8,-0.00004615
1776672000000,8,-0.00004778
1776700800001,8,-0.00002745
1776729600000,8,-0.00007937
1776758400004,8,-0.00005824
1776787200004,8,-0.00004242
1776816000004,8,-0.00002237
1776844800000,8,0.00003560
1776873600000,8,-0.00000749
1776902400000,8,-0.00007870
1776931200000,8,-0.00003553
1776960000004,8,-0.00006696
1776988800006,8,-0.00003829
1777017600000,8,-0.00007865
1777046400000,8,-0.00003152
1777075200000,8,-0.00001077
1777104000002,8,-0.00006235
1777132800002,8,-0.00005699
1777161600003,8,0.00000241
1777190400007,8,0.00000153
1777219200004,8,0.00000195
1777248000004,8,0.00000249
1777276800000,8,-0.00008659
1777305600002,8,-0.00005678
1777334400001,8,-0.00003951
1777363200000,8,-0.00003204
1777392000004,8,0.00005242
1777420800006,8,0.00001305
1777449600011,8,-0.00002840
1777478400003,8,0.00003571
1777507200002,8,-0.00004220
1777536000000,8,-0.00001837
1777564800000,8,-0.00002904
1777593600000,8,-0.00003746
1777622400005,8,-0.00001810
1777651200000,8,-0.00003143
1777680000006,8,-0.00000822
1777708800000,8,-0.00005103
1777737600010,8,-0.00002540
1777766400005,8,0.00002290
1777795200003,8,-0.00001398
1777824000000,8,0.00000703
1777852800000,8,0.00004304
1777881600000,8,-0.00000158
1777910400003,8,-0.00003160
1777939200000,8,-0.00000383
1777968000011,8,-0.00004626
1777996800000,8,-0.00008240
1778025600010,8,-0.00009153
1778054400000,8,-0.00006150
1778083200002,8,-0.00003756
1778112000000,8,-0.00005856
1778140800000,8,-0.00004568
1778169600004,8,-0.00003014
1778198400003,8,-0.00007406
1778227200002,8,0.00002415
1778256000003,8,-0.00001542
1778284800000,8,0.00001841
1778313600001,8,-0.00003792
1778342400002,8,0.00003645
1778371200003,8,9.0E-7
1778400000000,8,0.00004626
1778428800000,8,0.00005764
1778457600000,8,0.00005798
1778486400000,8,0.00002592
1778515200000,8,0.00004555
1778544000002,8,-0.00000115
1778572800008,8,0.00003877
1778601600000,8,0.00005822
1778630400010,8,0.00005367
1778659200003,8,0.00005437
1778688000001,8,0.00001749
1778716800005,8,0.00003928
1778745600000,8,0.00002928
1778774400000,8,0.00004094
1778803200000,8,-0.00004239
1778832000016,8,-0.00001893
1778860800012,8,0.00001548
1778889600005,8,0.00003938
1778918400000,8,-0.00000210
1778947200005,8,0.00004955
1778976000000,8,0.00004037
1779004800010,8,0.00001176
1779033600009,8,4.8E-7
1779062400007,8,-0.00001131
1779091200002,8,0.00005778
1779120000007,8,0.00007178
1779148800001,8,0.00005164
1779177600001,8,0.00004809
1779206400009,8,0.00005563
1779235200001,8,0.00003254
1779264000006,8,0.00007983
1779292800000,8,0.00006858
1779321600001,8,0.00001925
1779350400000,8,0.00004003
1779379200000,8,0.00006130
1779408000000,8,0.00003564
1779436800004,8,-0.00000820
1779465600001,8,0.00002891
1779494400009,8,0.00001783
1779523200001,8,0.00001025
1779552000003,8,0.00007441
1779580800011,8,0.00009044
1779609600008,8,0.00006290
1779638400000,8,0.00006265
1779667200001,8,0.00006549
1779696000001,8,0.00003527
1779724800001,8,0.00001426
1779753600000,8,0.00008058
1779782400003,8,0.00003852
1779811200000,8,0.00005776
1779840000000,8,0.00010000
1779868800004,8,0.00008948
1779897600009,8,0.00009914
1779926400001,8,0.00010000
1779955200000,8,0.00005011
1779984000001,8,0.00010000
1780012800000,8,0.00010000
1780041600001,8,0.00005391
1780070400008,8,0.00006702
1780099200000,8,0.00003464
1780128000001,8,0.00004732
1780156800000,8,0.00006214
1780185600000,8,0.00004432
1780214400000,8,0.00005663
1780243200004,8,0.00005988
1780272000001,8,0.00005703
1780300800001,8,0.00004438
1780329600000,8,0.00010000
1780358400000,8,0.00010000
1780387200000,8,0.00005990
1780416000000,8,0.00008345
1780444800013,8,0.00007165
1780473600000,8,0.00005229
1780502400001,8,0.00010000
1780531200009,8,0.00002705
1780560000000,8,0.00001519
1780588800003,8,-0.00001077
1780617600000,8,0.00001315
1780646400004,8,-0.00001431
1780675200009,8,-0.00000863
1780704000000,8,-0.00001234
1780732800000,8,0.00002675
1780761600000,8,-0.00000511
1780790400001,8,-0.00002828
1780819200000,8,0.00000407
1780848000000,8,0.00002742
1780876800000,8,0.00003533
1780905600005,8,0.00003454
1780934400004,8,0.00000122
1780963200000,8,-0.00001565
1780992000000,8,0.00003041
1781020800001,8,0.00000606
1781049600001,8,0.00000365
1781078400011,8,-0.00003385
1781107200009,8,0.00002542
1781136000000,8,-0.00000811
1781164800004,8,0.00002525
1781193600000,8,0.00002736
1781222400000,8,-0.00001303
1781251200000,8,0.00002446
1781280000000,8,0.00000840
1781308800000,8,0.00005357
1781337600007,8,6.0E-7
1781366400002,8,0.00000938
1781395200005,8,-0.00004510
1781424000009,8,-0.00004657
1781452800000,8,-0.00003265
1781481600013,8,0.00002808
1781510400013,8,0.00000621
1781539200004,8,-0.00006079
1781568000000,8,-0.00000428
1781596800000,8,-0.00001110
1781625600001,8,0.00000246
1781654400012,8,0.00001957
1781683200000,8,-0.00006685
1781712000000,8,-0.00002582
1781740800002,8,0.00002636
1781769600000,8,0.00001896
1781798400001,8,0.00000872
1781827200005,8,0.00006039
1781856000001,8,0.00001984
1781884800001,8,0.00002823
1781913600001,8,0.00005814
1781942400000,8,0.00002633
1781971200001,8,0.00003985
1782000000000,8,0.00000778
1782028800000,8,0.00003034
1782057600000,8,0.00004189
1782086400000,8,0.00006572
1782115200000,8,0.00001514
1782144000002,8,0.00004813
1782172800003,8,0.00004041
1782201600005,8,0.00001655
1782230400002,8,-0.00001889
1782259200005,8,0.00002154
1782288000005,8,0.00002134
1782316800003,8,2.7E-7
1782345600000,8,-0.00001423
1782374400000,8,-0.00001803
1782403200000,8,0.00001580
1782432000010,8,0.00005298
1782460800002,8,0.00005904
1782489600000,8,0.00007308
1782518400000,8,0.00005255
1782547200000,8,0.00004284
1782576000009,8,0.00003742
1782604800000,8,0.00004258
1782633600013,8,0.00001355
1782662400000,8,0.00004430
1782691200006,8,0.00003112
1782720000013,8,0.00007444
1782748800004,8,0.00008658
1782777600000,8,0.00006175
1782806400000,8,0.00008349
1782835200005,8,0.00003327
1782864000000,8,0.00005532
1782892800000,8,0.00001853
1782921600000,8,0.00007073
1782950400000,8,0.00008001
1782979200000,8,0.00005238
1783008000000,8,0.00005261
1783036800000,8,0.00010000
1783065600007,8,0.00010000
1783094400000,8,0.00003740
1783123200000,8,0.00010000
1783152000000,8,0.00010000
1783180800007,8,0.00009480
1783209600003,8,0.00009533
1783238400001,8,0.00008873
1783267200000,8,0.00008608
1783296000000,8,0.00007700
1783324800000,8,0.00006120
1783353600000,8,0.00010000
1783382400000,8,0.00010000
1783411200000,8,0.00005792
1783440000000,8,0.00006825
1783468800000,8,0.00004846
1783497600000,8,0.00000724
1783526400000,8,0.00007171
1783555200000,8,0.00006160
1783584000001,8,0.00006615
1783612800001,8,0.00004912
1783641600000,8,0.00009058
1783670400005,8,0.00007247
1783699200005,8,0.00009508
1783728000000,8,0.00010000
1783756800000,8,0.00000942
1783785600000,8,0.00004156
1783814400000,8,0.00004651
1783843200003,8,0.00006315
1783872000000,8,0.00007578
1783900800000,8,0.00001521
1783929600001,8,0.00004856
1783958400004,8,0.00010000
1783987200000,8,0.00008256
1784016000002,8,0.00003489
1784044800001,8,0.00005590
1784073600005,8,0.00010000
1784102400002,8,0.00010000
1784131200000,8,0.00004457
1784160000000,8,0.00002426
1784188800003,8,0.00007584
1784217600002,8,0.00006102
1784246400000,8,0.00007639
1784275200010,8,0.00001520
1784304000004,8,0.00006045
1784332800000,8,0.00003074
1784361600000,8,0.00006955
1784390400001,8,0.00003326
1784419200003,8,0.00000406
1784448000000,8,0.00006905
1784476800001,8,0.00005235
1784505600000,8,0.00004890
1784534400001,8,0.00005278
1784563200004,8,0.00006518
1784592000001,8,0.00005400
1784620800000,8,0.00008926
1784649600002,8,0.00001894
1784678400000,8,0.00003928
1784707200000,8,0.00005448
1784736000001,8,0.00001443
1784764800000,8,-0.00000343
1784793600000,8,0.00000271
1784822400000,8,0.00008458
1784851200000,8,0.00007598
1784880000000,8,0.00005149
1784908800008,8,0.00005879
1784937600002,8,0.00006074
1784966400000,8,0.00005425
1784995200000,8,0.00000729
1785024000000,8,0.00003878
1785052800002,8,0.00005884
1785081600000,8,0.00005819
1785110400010,8,0.00006147
1785139200000,8,0.00006452
1785168000001,8,0.00005040
1785196800000,8,0.00004208
1785225600000,8,0.00000125
1785254400000,8,0.00006689
1785283200000,8,0.00010000
1785312000002,8,0.00010000
1785340800000,8,0.00003665
1785369600000,8,0.00008462
1785398400000,8,0.00007278
1785427200000,8,0.00009029
1785456000003,8,0.00010000
1785484800000,8,0.00009405
1785513600000,8,0.00005664
1785542400001,8,0.00004123
1785571200000,8,0.00003163
1785600000000,8,0.00003545
1785628800000,8,0.00004530
1785657600000,8,0.00008943
1785686400000,8,0.00007707
1785715200000,8,0.00010000
1785744000000,8,0.00006364
1785772800000,8,0.00002474
1785801600004,8,0.00003081
1785830400002,8,0.00006248
1785859200000,8,0.00007684
1785888000003,8,0.00001674
1785916800004,8,0.00001015
1785945600000,8,0.00002676
1785974400002,8,0.00006595
1786003200000,8,0.00002632
1786032000000,8,0.00005939
1786060800000,8,0.00000799
1786089600000,8,0.00004574
1786118400000,8,0.00006308
1786147200001,8,0.00005557
1786176000000,8,0.00005417
1786204800002,8,0.00005801
1786233600000,8,0.00004423
1786262400005,8,0.00006667
1786291200000,8,0.00007054
1786320000001,8,0.00007497
1786348800005,8,0.00007908
1786377600000,8,0.00005057
1786406400000,8,0.00002301
1786435200006,8,0.00001962
1786464000000,8,0.00008282
1786492800001,8,0.00010000
1786521600000,8,0.00008568
1786550400000,8,0.00006601
1786579200000,8,0.00006576
1786608000000,8,0.00007218
1786636800000,8,0.00007841
1786665600000,8,0.00008545
1786694400001,8,0.00005999
1786723200001,8,0.00000629
1786752000003,8,0.00006801
1786780800002,8,0.00006523
1786809600000,8,0.00005311
1786838400000,8,0.00000966
1786867200002,8,0.00001839
1786896000000,8,0.00005000
1786924800001,8,0.00003818
1786953600003,8,0.00007131
1786982400005,8,0.00009202
1787011200006,8,0.00005164
1787040000001,8,0.00005020
1787068800003,8,0.00003650
1787097600000,8,0.00001617
1787126400000,8,0.00003815
1787155200004,8,0.00010000
1787184000001,8,0.00009655
1787212800000,8,0.00010000
1787241600005,8,0.00009422
1787270400004,8,0.00004964
1787299200000,8,0.00005814
1787328000001,8,0.00010000
1787356800000,8,0.00010000
1787385600000,8,0.00010000
1787414400000,8,0.00010000
1787443200000,8,0.00010000
1787472000000,8,0.00010000
1787500800006,8,0.00010000
1787529600001,8,0.00010000
1787558400002,8,0.00010000
1787587200000,8,0.00010000
1787616000001,8,0.00005818
1787644800000,8,0.00010000
1787673600005,8,0.00010000
1787702400000,8,0.00007734
1787731200005,8,0.00005927
1787760000000,8,0.00007091
1787788800000,8,0.00004595
1787817600000,8,0.00010000
1787846400013,8,0.00006331
1787875200026,8,0.00006578
1787904000000,8,0.00010000
1787932800001,8,0.00005913
1787961600000,8,0.00010000
1787990400000,8,0.00010000
1788019200002,8,0.00010000
1788048000000,8,0.00008283
1788076800000,8,0.00010000
1788105600001,8,0.00007058
1788134400002,8,0.00007271
1788163200002,8,0.00010000
1788192000001,8,0.00010000
